<?xml version = '1.0' encoding = 'UTF-8'?>
<Relation class="oracle.dbtools.crest.model.design.logical.Relation" name="adocao pet FK" directorySegmentName="seg_0" id="508CF54E-9D4B-FE18-164E-2A9A14811CD1">
<createdBy>flpoc</createdBy>
<createdTime>2020-05-07 18:39:24 UTC</createdTime>
<ownerDesignName>modelo_conceitual</ownerDesignName>
<engineerTo>
<item key="94EC987B-C421-CEB1-6AA6-5C4D9121D20B" value="true"/>
</engineerTo>
<targetPk>428407E8-6CA2-0696-93B6-71C0C9FB7995</targetPk>
<identifying>false</identifying>
<optionalSource>false</optionalSource>
<optionalTarget>true</optionalTarget>
<sourceCardinality>1</sourceCardinality>
<sourceEntity>E3F0281E-27CB-5C6D-0497-B2C09B3AA418</sourceEntity>
<targetCardinalityString>1</targetCardinalityString>
<targetEntity>815D601A-A849-A1A0-76AA-6022C17FF517</targetEntity>
<transferable>true</transferable>
<deleteRule>NO ACTION</deleteRule>
</Relation>