<?xml version = '1.0' encoding = 'UTF-8'?>
<Relation class="oracle.dbtools.crest.model.design.logical.Relation" name="adocao moderador FK" directorySegmentName="seg_0" id="7576C4D3-07DE-0C50-1D33-2CEC468799A8">
<createdBy>flpoc</createdBy>
<createdTime>2020-05-07 18:39:24 UTC</createdTime>
<ownerDesignName>modelo_conceitual</ownerDesignName>
<engineerTo>
<item key="94EC987B-C421-CEB1-6AA6-5C4D9121D20B" value="true"/>
</engineerTo>
<sourcePk>4DDDDB84-1F87-C7FD-7794-7839E5598C7D</sourcePk>
<identifying>false</identifying>
<optionalSource>true</optionalSource>
<optionalTarget>true</optionalTarget>
<sourceCardinality>1</sourceCardinality>
<sourceEntity>9EEF3F21-44CB-AA51-0D31-8C9BC2FEE0F5</sourceEntity>
<targetCardinalityString>*</targetCardinalityString>
<targetEntity>E3F0281E-27CB-5C6D-0497-B2C09B3AA418</targetEntity>
<transferable>true</transferable>
<deleteRule>NO ACTION</deleteRule>
</Relation>