<?xml version = '1.0' encoding = 'UTF-8'?>
<Table class="oracle.dbtools.crest.model.design.relational.Table" directorySegmentName="seg_0" id="5932F767-8983-9B7C-8603-E0003D7B91BB" name="Fotopets">
<createdBy>flpoc</createdBy>
<createdTime>2020-06-17 12:49:42 UTC</createdTime>
<ownerDesignName>modelologico</ownerDesignName>
<ordsAlias>table_16</ordsAlias>
<allowColumnReorder>false</allowColumnReorder>
<existDependencyGenerateInDDl>true</existDependencyGenerateInDDl>
<parsed>true</parsed>
<columns itemClass="oracle.dbtools.crest.model.design.relational.Column">
<Column name="id_fotopet" id="3CA17D81-9E33-8DA9-563B-828B13EFDDD5">
<createdBy>flpoc</createdBy>
<createdTime>2020-06-17 12:50:14 UTC</createdTime>
<ownerDesignName>modelologico</ownerDesignName>
<useDomainConstraints>false</useDomainConstraints>
<use>1</use>
<logicalDatatype>LOGDT011</logicalDatatype>
<ownDataTypeParameters>,,</ownDataTypeParameters>
<autoIncrementCycle>false</autoIncrementCycle>
</Column>
<Column name="link" id="A1195068-2A1C-ACAA-5DB7-C7C4D7A4F43A">
<createdBy>flpoc</createdBy>
<createdTime>2020-06-17 12:50:14 UTC</createdTime>
<ownerDesignName>modelologico</ownerDesignName>
<useDomainConstraints>false</useDomainConstraints>
<use>1</use>
<logicalDatatype>LOGDT024</logicalDatatype>
<dataTypeSize>1000</dataTypeSize>
<ownDataTypeParameters>1000,,</ownDataTypeParameters>
<autoIncrementCycle>false</autoIncrementCycle>
</Column>
<Column name="Pets_id_pet" id="DEF6A010-ECED-543B-609C-3C978FE53804">
<createdBy>flpoc</createdBy>
<createdTime>2020-06-17 12:50:21 UTC</createdTime>
<ownerDesignName>modelologico</ownerDesignName>
<useDomainConstraints>false</useDomainConstraints>
<use>1</use>
<logicalDatatype>LOGDT011</logicalDatatype>
<ownDataTypeParameters>,,</ownDataTypeParameters>
<previousColumn>false</previousColumn>
<autoIncrementCycle>false</autoIncrementCycle>
<associations>
<colAssociation fkAssociation="AD77CEEF-5403-4F5C-9B18-F9F47DAB566B" referredColumn="E8F8A968-5293-87EF-DA67-ADEE0FBF58D6"/>
</associations>
</Column>
</columns>
<indexes itemClass="oracle.dbtools.crest.model.design.relational.Index">
<ind_PK_UK id="9AED3301-D755-7E26-84F3-AEC8A113A980" name="Fotopets_PK">
<createdBy>flpoc</createdBy>
<createdTime>2020-06-17 12:50:14 UTC</createdTime>
<ownerDesignName>modelologico</ownerDesignName>
<pk>true</pk>
<indexState>Primary Constraint</indexState>
<isSurrogateKey>false</isSurrogateKey>
<indexColumnUsage>
<colUsage columnID="3CA17D81-9E33-8DA9-563B-828B13EFDDD5"/>
</indexColumnUsage>
</ind_PK_UK>
<ind_PK_UK id="4211198C-C3E1-E251-6925-0E786B82CED6" name="Fotopets_Pets_FK">
<createdBy>flpoc</createdBy>
<createdTime>2020-06-17 12:50:21 UTC</createdTime>
<ownerDesignName>modelologico</ownerDesignName>
<indexState>Foreign Key</indexState>
<isSurrogateKey>false</isSurrogateKey>
<indexColumnUsage>
<colUsage columnID="DEF6A010-ECED-543B-609C-3C978FE53804"/>
</indexColumnUsage>
</ind_PK_UK>
</indexes>
</Table>