<?xml version = '1.0' encoding = 'UTF-8'?>
<Table class="oracle.dbtools.crest.model.design.relational.Table" directorySegmentName="seg_0" id="F484FCEA-F3FB-8DCC-2BF7-7B46D0267AFD" name="Moderadores">
<createdBy>flpoc</createdBy>
<createdTime>2020-06-17 12:41:24 UTC</createdTime>
<ownerDesignName>modelologico</ownerDesignName>
<ordsAlias>table_13</ordsAlias>
<allowColumnReorder>false</allowColumnReorder>
<existDependencyGenerateInDDl>true</existDependencyGenerateInDDl>
<parsed>true</parsed>
<columns itemClass="oracle.dbtools.crest.model.design.relational.Column">
<Column name="email_moderador" id="FA997E30-428C-6338-9841-4E9A5A9D3537">
<createdBy>flpoc</createdBy>
<createdTime>2020-06-17 12:41:40 UTC</createdTime>
<ownerDesignName>modelologico</ownerDesignName>
<useDomainConstraints>false</useDomainConstraints>
<use>1</use>
<logicalDatatype>LOGDT024</logicalDatatype>
<dataTypeSize>80</dataTypeSize>
<ownDataTypeParameters>,,</ownDataTypeParameters>
<previousColumn>false</previousColumn>
<autoIncrementCycle>false</autoIncrementCycle>
<associations>
<colAssociation fkAssociation="EC7DB85A-7B65-8A67-D536-12AFAA42AAAD" referredColumn="744EB7E0-20C2-9EE5-376B-C65025614F38"/>
</associations>
</Column>
</columns>
<indexes itemClass="oracle.dbtools.crest.model.design.relational.Index">
<ind_PK_UK id="825C41FF-36CC-6BFA-6840-0ADC58C31529" name="Moderadores_PK">
<createdBy>flpoc</createdBy>
<createdTime>2020-06-17 12:41:52 UTC</createdTime>
<ownerDesignName>modelologico</ownerDesignName>
<pk>true</pk>
<indexState>Primary Constraint</indexState>
<isSurrogateKey>false</isSurrogateKey>
<indexColumnUsage>
<colUsage columnID="FA997E30-428C-6338-9841-4E9A5A9D3537"/>
</indexColumnUsage>
</ind_PK_UK>
<ind_PK_UK id="2985A1D6-59C2-AD00-F7A0-25226DD80F88" name="Moderadores_Humanos_FK">
<createdBy>flpoc</createdBy>
<createdTime>2020-06-17 12:41:40 UTC</createdTime>
<ownerDesignName>modelologico</ownerDesignName>
<indexState>Foreign Key</indexState>
<isSurrogateKey>false</isSurrogateKey>
<indexColumnUsage>
<colUsage columnID="FA997E30-428C-6338-9841-4E9A5A9D3537"/>
</indexColumnUsage>
</ind_PK_UK>
</indexes>
</Table>