<?xml version = '1.0' encoding = 'UTF-8'?>
<Entity class="oracle.dbtools.crest.model.design.logical.Entity" directorySegmentName="seg_0" id="91210924-5424-3C41-E90D-7510F62F6A05" name="adocao">
<createdBy>flpoc</createdBy>
<createdTime>2020-06-17 10:55:39 UTC</createdTime>
<ownerDesignName>modelorelacional</ownerDesignName>
<engineerTo>
<item key="1EDF4940-A077-89FF-03AA-76DAF6999668" value="true"/>
</engineerTo>
<adequatelyNormalized>NO</adequatelyNormalized>
<expectedVolumes>0</expectedVolumes>
<fwdEngineeringStrategyName>Single Table</fwdEngineeringStrategyName>
<growthPercent>0</growthPercent>
<growthType>Year</growthType>
<maxVolumes>9999999</maxVolumes>
<minVolumes>0</minVolumes>
<normalForm>Third</normalForm>
<attributes itemClass="oracle.dbtools.crest.model.design.logical.Attribute">
<Attribute name="id" id="39E0FE44-5026-47ED-BB55-AC709213ED86">
<createdBy>flpoc</createdBy>
<createdTime>2020-06-17 10:55:39 UTC</createdTime>
<ownerDesignName>modelorelacional</ownerDesignName>
<importedID>9C8E8AC2-0BF9-898B-36DA-F0FB90545835</importedID>
<engineerTo>
<item key="1EDF4940-A077-89FF-03AA-76DAF6999668" value="true"/>
</engineerTo>
<useDomainConstraints>false</useDomainConstraints>
<use>1</use>
<logicalDatatype>LOGDT011</logicalDatatype>
<ownDataTypeParameters>,,</ownDataTypeParameters>
</Attribute>
<Attribute name="data requisicao" id="D1C1B7E7-E706-B437-6EF7-C7424338D992">
<createdBy>flpoc</createdBy>
<createdTime>2020-06-17 10:55:39 UTC</createdTime>
<ownerDesignName>modelorelacional</ownerDesignName>
<importedID>FB3FD02C-3706-3AC9-4727-3C703F564069</importedID>
<engineerTo>
<item key="1EDF4940-A077-89FF-03AA-76DAF6999668" value="true"/>
</engineerTo>
<useDomainConstraints>false</useDomainConstraints>
<use>1</use>
<logicalDatatype>LOGDT007</logicalDatatype>
<ownDataTypeParameters>,,</ownDataTypeParameters>
</Attribute>
<Attribute name="data adocao" id="310590F1-0900-4B81-5931-AF11BF74F2C9">
<createdBy>flpoc</createdBy>
<createdTime>2020-06-17 10:55:39 UTC</createdTime>
<ownerDesignName>modelorelacional</ownerDesignName>
<importedID>FBDE8718-7E19-335D-1774-FC62AFB9708E</importedID>
<engineerTo>
<item key="1EDF4940-A077-89FF-03AA-76DAF6999668" value="true"/>
</engineerTo>
<nullsAllowed>true</nullsAllowed>
<useDomainConstraints>false</useDomainConstraints>
<use>1</use>
<logicalDatatype>LOGDT007</logicalDatatype>
<ownDataTypeParameters>,,</ownDataTypeParameters>
</Attribute>
<Attribute name="status" id="FC23A01F-F056-CBE0-32B8-89B843398B12">
<createdBy>flpoc</createdBy>
<createdTime>2020-06-17 10:55:39 UTC</createdTime>
<ownerDesignName>modelorelacional</ownerDesignName>
<importedID>07447C40-9A62-5797-6908-AE746EA51024</importedID>
<engineerTo>
<item key="1EDF4940-A077-89FF-03AA-76DAF6999668" value="true"/>
</engineerTo>
<useDomainConstraints>false</useDomainConstraints>
<use>1</use>
<logicalDatatype>LOGDT011</logicalDatatype>
<ownDataTypeParameters>,,</ownDataTypeParameters>
</Attribute>
<Attribute name="relatorio" id="6DFC472F-DF9F-9EBD-F5EF-DF914772D8CD">
<createdBy>flpoc</createdBy>
<createdTime>2020-06-17 10:55:39 UTC</createdTime>
<ownerDesignName>modelorelacional</ownerDesignName>
<importedID>D9C88EEA-1E45-AE83-BB2F-97E9A8C442F6</importedID>
<engineerTo>
<item key="1EDF4940-A077-89FF-03AA-76DAF6999668" value="true"/>
</engineerTo>
<nullsAllowed>true</nullsAllowed>
<useDomainConstraints>false</useDomainConstraints>
<use>1</use>
<logicalDatatype>LOGDT040</logicalDatatype>
<ownDataTypeParameters>,,</ownDataTypeParameters>
</Attribute>
<Attribute name="pet id" id="98C3969A-9EE7-790C-6A3F-48588D54EE74">
<createdBy>flpoc</createdBy>
<createdTime>2020-06-17 10:55:39 UTC</createdTime>
<generatorID>821A396D-8F8E-C7DB-7350-A57DD60ED054</generatorID>
<ownerDesignName>modelorelacional</ownerDesignName>
<importedID>45DB5076-3715-6533-CFEE-7B94D575A679</importedID>
<engineerTo>
<item key="1EDF4940-A077-89FF-03AA-76DAF6999668" value="true"/>
</engineerTo>
<referedAttribute>FE9BEB7B-7145-CF53-C795-B6340E3F8CAF</referedAttribute>
<useDomainConstraints>false</useDomainConstraints>
<use>1</use>
<logicalDatatype>LOGDT011</logicalDatatype>
<ownDataTypeParameters>,,</ownDataTypeParameters>
</Attribute>
<Attribute name="adotante email" id="A8224512-5187-8589-F3CB-EDF25375586A">
<createdBy>flpoc</createdBy>
<createdTime>2020-06-17 10:55:39 UTC</createdTime>
<generatorID>0BB09216-3963-B58C-A90B-8BB64C222A57</generatorID>
<ownerDesignName>modelorelacional</ownerDesignName>
<importedID>08C6572B-FCF4-2C2F-8E72-F887EE538EB1</importedID>
<engineerTo>
<item key="1EDF4940-A077-89FF-03AA-76DAF6999668" value="true"/>
</engineerTo>
<referedAttribute>571E49E5-6DD1-D74F-FC85-5D63D58A32D9</referedAttribute>
<useDomainConstraints>false</useDomainConstraints>
<use>1</use>
<logicalDatatype>LOGDT024</logicalDatatype>
<dataTypeSize>80</dataTypeSize>
<ownDataTypeParameters>80,,</ownDataTypeParameters>
</Attribute>
<Attribute name="adotante cpf" id="96A8D85D-DBA1-0C62-7CB1-B2C3FC8E7A8E">
<createdBy>flpoc</createdBy>
<createdTime>2020-06-17 10:55:39 UTC</createdTime>
<generatorID>0BB09216-3963-B58C-A90B-8BB64C222A57</generatorID>
<ownerDesignName>modelorelacional</ownerDesignName>
<importedID>0D111F3F-965F-3EF5-81FF-BBAF2F01E6B3</importedID>
<engineerTo>
<item key="1EDF4940-A077-89FF-03AA-76DAF6999668" value="true"/>
</engineerTo>
<referedAttribute>1FB8C43A-6336-9D75-875A-3C8E1D2A68AB</referedAttribute>
<useDomainConstraints>false</useDomainConstraints>
<use>1</use>
<logicalDatatype>LOGDT027</logicalDatatype>
<ownDataTypeParameters>,,</ownDataTypeParameters>
</Attribute>
<Attribute name="moderador email" id="D21D406C-760C-946D-BC18-50A4369F27E2">
<createdBy>flpoc</createdBy>
<createdTime>2020-06-17 10:55:39 UTC</createdTime>
<generatorID>10DB9740-A993-54AF-4DB8-AFBD6FEB458F</generatorID>
<ownerDesignName>modelorelacional</ownerDesignName>
<importedID>5B8E4921-6F30-5BFB-3CDE-772FA25414DD</importedID>
<engineerTo>
<item key="1EDF4940-A077-89FF-03AA-76DAF6999668" value="true"/>
</engineerTo>
<nullsAllowed>true</nullsAllowed>
<referedAttribute>571E49E5-6DD1-D74F-FC85-5D63D58A32D9</referedAttribute>
<useDomainConstraints>false</useDomainConstraints>
<use>1</use>
<logicalDatatype>LOGDT024</logicalDatatype>
<dataTypeSize>80</dataTypeSize>
<ownDataTypeParameters>80,,</ownDataTypeParameters>
</Attribute>
<Attribute name="moderador cpf" id="CE7436D5-14CF-D6A4-954B-6A11CDD6E044">
<createdBy>flpoc</createdBy>
<createdTime>2020-06-17 10:55:39 UTC</createdTime>
<generatorID>10DB9740-A993-54AF-4DB8-AFBD6FEB458F</generatorID>
<ownerDesignName>modelorelacional</ownerDesignName>
<importedID>5631482E-A86B-A11F-8197-4CE393C8EC84</importedID>
<engineerTo>
<item key="1EDF4940-A077-89FF-03AA-76DAF6999668" value="true"/>
</engineerTo>
<nullsAllowed>true</nullsAllowed>
<referedAttribute>1FB8C43A-6336-9D75-875A-3C8E1D2A68AB</referedAttribute>
<useDomainConstraints>false</useDomainConstraints>
<use>1</use>
<logicalDatatype>LOGDT027</logicalDatatype>
<ownDataTypeParameters>,,</ownDataTypeParameters>
</Attribute>
<Attribute name="nome" id="3B4602DE-CD66-7CA0-7403-BFD1F21AC834">
<createdBy>flpoc</createdBy>
<createdTime>2020-06-17 10:55:39 UTC</createdTime>
<generatorID>821A396D-8F8E-C7DB-7350-A57DD60ED054</generatorID>
<ownerDesignName>modelorelacional</ownerDesignName>
<importedID>E7B4801C-4762-2A14-2FBF-8CF69A6CCFCC</importedID>
<engineerTo>
<item key="1EDF4940-A077-89FF-03AA-76DAF6999668" value="true"/>
</engineerTo>
<referedAttribute>8B42545B-1F39-737A-1CC0-D5B065F4A0AE</referedAttribute>
<useDomainConstraints>false</useDomainConstraints>
<use>1</use>
<logicalDatatype>LOGDT024</logicalDatatype>
<dataTypeSize>80</dataTypeSize>
<ownDataTypeParameters>80,,</ownDataTypeParameters>
</Attribute>
<Attribute name="espécie" id="793AD96A-033C-077F-F16E-0C7BD08FB500">
<createdBy>flpoc</createdBy>
<createdTime>2020-06-17 10:55:39 UTC</createdTime>
<generatorID>821A396D-8F8E-C7DB-7350-A57DD60ED054</generatorID>
<ownerDesignName>modelorelacional</ownerDesignName>
<importedID>FD872669-28B4-4704-419D-0C56FCCE4CF8</importedID>
<engineerTo>
<item key="1EDF4940-A077-89FF-03AA-76DAF6999668" value="true"/>
</engineerTo>
<referedAttribute>4AEEA6D6-F296-9210-F862-16B6A656EC00</referedAttribute>
<useDomainConstraints>false</useDomainConstraints>
<use>1</use>
<logicalDatatype>LOGDT024</logicalDatatype>
<dataTypeSize>80</dataTypeSize>
<ownDataTypeParameters>80,,</ownDataTypeParameters>
</Attribute>
<Attribute name="raça" id="81DE8567-F8B1-A60A-09BA-60EC603985DB">
<createdBy>flpoc</createdBy>
<createdTime>2020-06-17 10:55:39 UTC</createdTime>
<generatorID>821A396D-8F8E-C7DB-7350-A57DD60ED054</generatorID>
<ownerDesignName>modelorelacional</ownerDesignName>
<importedID>D291BCE6-C9B2-7113-A3BB-6908795AC53D</importedID>
<engineerTo>
<item key="1EDF4940-A077-89FF-03AA-76DAF6999668" value="true"/>
</engineerTo>
<referedAttribute>84DC4F4E-D814-275C-4E78-69FC584DBA62</referedAttribute>
<useDomainConstraints>false</useDomainConstraints>
<use>1</use>
<logicalDatatype>LOGDT024</logicalDatatype>
<dataTypeSize>80</dataTypeSize>
<ownDataTypeParameters>80,,</ownDataTypeParameters>
</Attribute>
<Attribute name="tamanho" id="B83219DB-D462-4755-DABE-8FA24D7C0E88">
<createdBy>flpoc</createdBy>
<createdTime>2020-06-17 10:55:39 UTC</createdTime>
<generatorID>821A396D-8F8E-C7DB-7350-A57DD60ED054</generatorID>
<ownerDesignName>modelorelacional</ownerDesignName>
<importedID>1059E6A0-C02B-45E5-2268-415E1A8D868D</importedID>
<engineerTo>
<item key="1EDF4940-A077-89FF-03AA-76DAF6999668" value="true"/>
</engineerTo>
<referedAttribute>C698AFCE-BA52-1F59-187E-86EF345AFE46</referedAttribute>
<useDomainConstraints>false</useDomainConstraints>
<use>1</use>
<logicalDatatype>LOGDT011</logicalDatatype>
<ownDataTypeParameters>,,</ownDataTypeParameters>
</Attribute>
<Attribute name="peso" id="AF1258F7-EACA-9B46-7B92-EF618C27B6CB">
<createdBy>flpoc</createdBy>
<createdTime>2020-06-17 10:55:39 UTC</createdTime>
<generatorID>821A396D-8F8E-C7DB-7350-A57DD60ED054</generatorID>
<ownerDesignName>modelorelacional</ownerDesignName>
<importedID>3E5D4420-EBAA-CF18-2344-BAF0A1EDE815</importedID>
<engineerTo>
<item key="1EDF4940-A077-89FF-03AA-76DAF6999668" value="true"/>
</engineerTo>
<referedAttribute>E8D88867-C438-D319-33C8-D5DE30DB8FA2</referedAttribute>
<useDomainConstraints>false</useDomainConstraints>
<use>1</use>
<logicalDatatype>LOGDT011</logicalDatatype>
<ownDataTypeParameters>,,</ownDataTypeParameters>
</Attribute>
<Attribute name="telefone" id="36F76819-AAE8-A831-0B67-3D84628F728E">
<createdBy>flpoc</createdBy>
<createdTime>2020-06-17 10:55:39 UTC</createdTime>
<generatorID>0BB09216-3963-B58C-A90B-8BB64C222A57</generatorID>
<ownerDesignName>modelorelacional</ownerDesignName>
<importedID>6517D537-D492-0FA6-B597-E709AE8153C6</importedID>
<engineerTo>
<item key="1EDF4940-A077-89FF-03AA-76DAF6999668" value="true"/>
</engineerTo>
<referedAttribute>241AFB84-8AF0-EA34-F6E5-8C3574A3C855</referedAttribute>
<useDomainConstraints>false</useDomainConstraints>
<use>1</use>
<logicalDatatype>LOGDT027</logicalDatatype>
<ownDataTypeParameters>,,</ownDataTypeParameters>
</Attribute>
<Attribute name="telefone1" id="EA08B168-9405-381B-68F6-52964CE56E63">
<createdBy>flpoc</createdBy>
<createdTime>2020-06-17 10:55:39 UTC</createdTime>
<generatorID>10DB9740-A993-54AF-4DB8-AFBD6FEB458F</generatorID>
<ownerDesignName>modelorelacional</ownerDesignName>
<importedID>6EACDA11-7668-A961-FCFA-5DBC5F8276F2</importedID>
<engineerTo>
<item key="1EDF4940-A077-89FF-03AA-76DAF6999668" value="true"/>
</engineerTo>
<nullsAllowed>true</nullsAllowed>
<referedAttribute>241AFB84-8AF0-EA34-F6E5-8C3574A3C855</referedAttribute>
<useDomainConstraints>false</useDomainConstraints>
<use>1</use>
<logicalDatatype>LOGDT027</logicalDatatype>
<ownDataTypeParameters>,,</ownDataTypeParameters>
</Attribute>
</attributes>
<identifiers itemClass="oracle.dbtools.crest.model.design.logical.CandidateKey">
<identifier id="A485D587-A86A-2ED1-091F-F9ADB35F1A5E" name="adocao_PK">
<createdBy>flpoc</createdBy>
<createdTime>2020-06-17 10:55:39 UTC</createdTime>
<ownerDesignName>modelorelacional</ownerDesignName>
<engineerTo>
<item key="1EDF4940-A077-89FF-03AA-76DAF6999668" value="true"/>
</engineerTo>
<pk>true</pk>
<usedAttributes>
<attributeRef>39E0FE44-5026-47ED-BB55-AC709213ED86</attributeRef>
<attributeRef>D1C1B7E7-E706-B437-6EF7-C7424338D992</attributeRef>
<attributeRef>FC23A01F-F056-CBE0-32B8-89B843398B12</attributeRef>
</usedAttributes>
</identifier>
</identifiers>
</Entity>