<?xml version = '1.0' encoding = 'UTF-8'?>
<Entity class="oracle.dbtools.crest.model.design.logical.Entity" directorySegmentName="seg_0" id="F8ABFAE6-4A6B-3F48-1ABE-A96D25FBFC8C" name="foto pet">
<createdBy>flpoc</createdBy>
<createdTime>2020-06-17 10:55:39 UTC</createdTime>
<ownerDesignName>modelorelacional</ownerDesignName>
<engineerTo>
<item key="1EDF4940-A077-89FF-03AA-76DAF6999668" value="true"/>
</engineerTo>
<adequatelyNormalized>NO</adequatelyNormalized>
<expectedVolumes>0</expectedVolumes>
<fwdEngineeringStrategyName>Single Table</fwdEngineeringStrategyName>
<growthPercent>0</growthPercent>
<growthType>Year</growthType>
<maxVolumes>9999999</maxVolumes>
<minVolumes>0</minVolumes>
<normalForm>Third</normalForm>
<attributes itemClass="oracle.dbtools.crest.model.design.logical.Attribute">
<Attribute name="id" id="2A1B4D93-F796-0523-09B4-938BD27121E2">
<createdBy>flpoc</createdBy>
<createdTime>2020-06-17 10:55:39 UTC</createdTime>
<ownerDesignName>modelorelacional</ownerDesignName>
<importedID>72891D6A-1B62-3A7A-E9B0-2B657390EAFD</importedID>
<engineerTo>
<item key="1EDF4940-A077-89FF-03AA-76DAF6999668" value="true"/>
</engineerTo>
<useDomainConstraints>false</useDomainConstraints>
<use>1</use>
<logicalDatatype>LOGDT011</logicalDatatype>
<ownDataTypeParameters>,,</ownDataTypeParameters>
</Attribute>
<Attribute name="link" id="58EEA13B-23D4-5B85-13F2-75D3C15D7F06">
<createdBy>flpoc</createdBy>
<createdTime>2020-06-17 10:55:39 UTC</createdTime>
<ownerDesignName>modelorelacional</ownerDesignName>
<importedID>3EE44843-6013-C1A6-4B87-E11FA9604624</importedID>
<engineerTo>
<item key="1EDF4940-A077-89FF-03AA-76DAF6999668" value="true"/>
</engineerTo>
<useDomainConstraints>false</useDomainConstraints>
<use>1</use>
<logicalDatatype>LOGDT024</logicalDatatype>
<dataTypeSize>255</dataTypeSize>
<ownDataTypeParameters>255,,</ownDataTypeParameters>
</Attribute>
<Attribute name="pet id" id="5090A4ED-ABA3-B126-F881-1334BA4A9C1D">
<createdBy>flpoc</createdBy>
<createdTime>2020-06-17 10:55:39 UTC</createdTime>
<generatorID>CAF23360-351E-CD4C-1073-6BD4309B1C4B</generatorID>
<ownerDesignName>modelorelacional</ownerDesignName>
<importedID>C4246364-ECF7-1E7D-E616-618BCACBB134</importedID>
<engineerTo>
<item key="1EDF4940-A077-89FF-03AA-76DAF6999668" value="true"/>
</engineerTo>
<referedAttribute>FE9BEB7B-7145-CF53-C795-B6340E3F8CAF</referedAttribute>
<useDomainConstraints>false</useDomainConstraints>
<use>1</use>
<logicalDatatype>LOGDT011</logicalDatatype>
<ownDataTypeParameters>,,</ownDataTypeParameters>
</Attribute>
<Attribute name="nome" id="F16465B3-3287-3D95-413B-BB9AE8B5E8F4">
<createdBy>flpoc</createdBy>
<createdTime>2020-06-17 10:55:39 UTC</createdTime>
<generatorID>CAF23360-351E-CD4C-1073-6BD4309B1C4B</generatorID>
<ownerDesignName>modelorelacional</ownerDesignName>
<importedID>CDE82800-CE9D-C1B4-EDBA-4AADF64AD1A4</importedID>
<engineerTo>
<item key="1EDF4940-A077-89FF-03AA-76DAF6999668" value="true"/>
</engineerTo>
<referedAttribute>8B42545B-1F39-737A-1CC0-D5B065F4A0AE</referedAttribute>
<useDomainConstraints>false</useDomainConstraints>
<use>1</use>
<logicalDatatype>LOGDT024</logicalDatatype>
<dataTypeSize>80</dataTypeSize>
<ownDataTypeParameters>80,,</ownDataTypeParameters>
</Attribute>
<Attribute name="espécie" id="6F6F83B3-DE69-4E25-E01D-87683B2318A7">
<createdBy>flpoc</createdBy>
<createdTime>2020-06-17 10:55:39 UTC</createdTime>
<generatorID>CAF23360-351E-CD4C-1073-6BD4309B1C4B</generatorID>
<ownerDesignName>modelorelacional</ownerDesignName>
<importedID>FC87D263-C903-BDD6-53FD-B4F3583E8287</importedID>
<engineerTo>
<item key="1EDF4940-A077-89FF-03AA-76DAF6999668" value="true"/>
</engineerTo>
<referedAttribute>4AEEA6D6-F296-9210-F862-16B6A656EC00</referedAttribute>
<useDomainConstraints>false</useDomainConstraints>
<use>1</use>
<logicalDatatype>LOGDT024</logicalDatatype>
<dataTypeSize>80</dataTypeSize>
<ownDataTypeParameters>80,,</ownDataTypeParameters>
</Attribute>
<Attribute name="raça" id="FDC8850A-F6AC-0B00-12A7-E6637558D4C8">
<createdBy>flpoc</createdBy>
<createdTime>2020-06-17 10:55:39 UTC</createdTime>
<generatorID>CAF23360-351E-CD4C-1073-6BD4309B1C4B</generatorID>
<ownerDesignName>modelorelacional</ownerDesignName>
<importedID>BAED9AEA-1CC2-D243-B589-2C768304634B</importedID>
<engineerTo>
<item key="1EDF4940-A077-89FF-03AA-76DAF6999668" value="true"/>
</engineerTo>
<referedAttribute>84DC4F4E-D814-275C-4E78-69FC584DBA62</referedAttribute>
<useDomainConstraints>false</useDomainConstraints>
<use>1</use>
<logicalDatatype>LOGDT024</logicalDatatype>
<dataTypeSize>80</dataTypeSize>
<ownDataTypeParameters>80,,</ownDataTypeParameters>
</Attribute>
<Attribute name="tamanho" id="EBAE9B2B-CDBF-8B97-3718-4E51CCD1E722">
<createdBy>flpoc</createdBy>
<createdTime>2020-06-17 10:55:39 UTC</createdTime>
<generatorID>CAF23360-351E-CD4C-1073-6BD4309B1C4B</generatorID>
<ownerDesignName>modelorelacional</ownerDesignName>
<importedID>22F6ECBA-0E3B-FAC5-6C33-A7D861EBDDDD</importedID>
<engineerTo>
<item key="1EDF4940-A077-89FF-03AA-76DAF6999668" value="true"/>
</engineerTo>
<referedAttribute>C698AFCE-BA52-1F59-187E-86EF345AFE46</referedAttribute>
<useDomainConstraints>false</useDomainConstraints>
<use>1</use>
<logicalDatatype>LOGDT011</logicalDatatype>
<ownDataTypeParameters>,,</ownDataTypeParameters>
</Attribute>
<Attribute name="peso" id="F6AEC4A3-AECC-6D77-D187-D49B071AA33B">
<createdBy>flpoc</createdBy>
<createdTime>2020-06-17 10:55:39 UTC</createdTime>
<generatorID>CAF23360-351E-CD4C-1073-6BD4309B1C4B</generatorID>
<ownerDesignName>modelorelacional</ownerDesignName>
<importedID>41E86AFA-0D5A-7849-FB5F-8AA274689EC8</importedID>
<engineerTo>
<item key="1EDF4940-A077-89FF-03AA-76DAF6999668" value="true"/>
</engineerTo>
<referedAttribute>E8D88867-C438-D319-33C8-D5DE30DB8FA2</referedAttribute>
<useDomainConstraints>false</useDomainConstraints>
<use>1</use>
<logicalDatatype>LOGDT011</logicalDatatype>
<ownDataTypeParameters>,,</ownDataTypeParameters>
</Attribute>
</attributes>
<identifiers itemClass="oracle.dbtools.crest.model.design.logical.CandidateKey">
<identifier id="9B34524C-AE74-6AD9-6038-ABA8C3C56BA6" name="foto_pet_PK">
<createdBy>flpoc</createdBy>
<createdTime>2020-06-17 10:55:39 UTC</createdTime>
<ownerDesignName>modelorelacional</ownerDesignName>
<engineerTo>
<item key="1EDF4940-A077-89FF-03AA-76DAF6999668" value="true"/>
</engineerTo>
<pk>true</pk>
<usedAttributes>
<attributeRef>2A1B4D93-F796-0523-09B4-938BD27121E2</attributeRef>
<attributeRef>58EEA13B-23D4-5B85-13F2-75D3C15D7F06</attributeRef>
</usedAttributes>
</identifier>
</identifiers>
</Entity>