<?xml version = '1.0' encoding = 'UTF-8'?>
<Entity class="oracle.dbtools.crest.model.design.logical.Entity" directorySegmentName="seg_0" id="F8ABFAE6-4A6B-3F48-1ABE-A96D25FBFC8C" name="foto pet">
<createdBy>flpoc</createdBy>
<createdTime>2020-06-17 10:55:39 UTC</createdTime>
<ownerDesignName>modelorelacional</ownerDesignName>
<engineerTo>
<item key="1EDF4940-A077-89FF-03AA-76DAF6999668" value="true"/>
</engineerTo>
<adequatelyNormalized>NO</adequatelyNormalized>
<expectedVolumes>0</expectedVolumes>
<fwdEngineeringStrategyName>Single Table</fwdEngineeringStrategyName>
<growthPercent>0</growthPercent>
<growthType>Year</growthType>
<maxVolumes>9999999</maxVolumes>
<minVolumes>0</minVolumes>
<normalForm>Third</normalForm>
<attributes itemClass="oracle.dbtools.crest.model.design.logical.Attribute">
<Attribute name="id_fotopet" id="2A1B4D93-F796-0523-09B4-938BD27121E2">
<createdBy>flpoc</createdBy>
<createdTime>2020-06-17 10:55:39 UTC</createdTime>
<ownerDesignName>modelorelacional</ownerDesignName>
<importedID>72891D6A-1B62-3A7A-E9B0-2B657390EAFD</importedID>
<engineerTo>
<item key="1EDF4940-A077-89FF-03AA-76DAF6999668" value="true"/>
</engineerTo>
<useDomainConstraints>false</useDomainConstraints>
<use>1</use>
<logicalDatatype>LOGDT011</logicalDatatype>
<ownDataTypeParameters>,,</ownDataTypeParameters>
</Attribute>
<Attribute name="link" id="58EEA13B-23D4-5B85-13F2-75D3C15D7F06">
<createdBy>flpoc</createdBy>
<createdTime>2020-06-17 10:55:39 UTC</createdTime>
<ownerDesignName>modelorelacional</ownerDesignName>
<importedID>3EE44843-6013-C1A6-4B87-E11FA9604624</importedID>
<engineerTo>
<item key="1EDF4940-A077-89FF-03AA-76DAF6999668" value="true"/>
</engineerTo>
<useDomainConstraints>false</useDomainConstraints>
<use>1</use>
<logicalDatatype>LOGDT024</logicalDatatype>
<dataTypeSize>1000</dataTypeSize>
<ownDataTypeParameters>1000,,</ownDataTypeParameters>
</Attribute>
<Attribute name="id_pet" id="D79FD27E-3D4D-7044-BA56-DCF0EBB66941">
<createdBy>flpoc</createdBy>
<createdTime>2020-06-17 11:39:41 UTC</createdTime>
<generatorID>3594F0F9-C6FF-6401-6A18-DC2FA4ED599F</generatorID>
<ownerDesignName>modelorelacional</ownerDesignName>
<engineerTo>
<item key="1EDF4940-A077-89FF-03AA-76DAF6999668" value="true"/>
</engineerTo>
<referedAttribute>FE9BEB7B-7145-CF53-C795-B6340E3F8CAF</referedAttribute>
<useDomainConstraints>false</useDomainConstraints>
<use>1</use>
<logicalDatatype>LOGDT011</logicalDatatype>
<ownDataTypeParameters>,,</ownDataTypeParameters>
</Attribute>
</attributes>
<identifiers itemClass="oracle.dbtools.crest.model.design.logical.CandidateKey">
<identifier id="9B34524C-AE74-6AD9-6038-ABA8C3C56BA6" name="foto_pet_PK">
<createdBy>flpoc</createdBy>
<createdTime>2020-06-17 10:55:39 UTC</createdTime>
<ownerDesignName>modelorelacional</ownerDesignName>
<shouldEngineer>false</shouldEngineer>
<engineerTo>
<item key="1EDF4940-A077-89FF-03AA-76DAF6999668" value="false"/>
</engineerTo>
<pk>true</pk>
<usedAttributes>
<attributeRef>2A1B4D93-F796-0523-09B4-938BD27121E2</attributeRef>
</usedAttributes>
</identifier>
</identifiers>
</Entity>