<?xml version = '1.0' encoding = 'UTF-8'?>
<Table class="oracle.dbtools.crest.model.design.relational.Table" directorySegmentName="seg_0" id="0E907694-0431-1395-F6FB-0E5EACA9F668" name="adocao">
<createdBy>flpoc</createdBy>
<createdTime>2020-05-07 18:40:11 UTC</createdTime>
<generatorID>E3F0281E-27CB-5C6D-0497-B2C09B3AA418</generatorID>
<ownerDesignName>modelo_conceitual</ownerDesignName>
<allowColumnReorder>false</allowColumnReorder>
<existDependencyGenerateInDDl>true</existDependencyGenerateInDDl>
<parsed>true</parsed>
<columns itemClass="oracle.dbtools.crest.model.design.relational.Column">
<Column name="id" id="D096DDEB-9DBE-1981-6DA8-686A0D0FB8DA">
<createdBy>flpoc</createdBy>
<createdTime>2020-05-07 18:40:11 UTC</createdTime>
<generatorID>DC55B4EF-9EF8-C912-8CAC-57D47C9BAF66</generatorID>
<ownerDesignName>modelo_conceitual</ownerDesignName>
<useDomainConstraints>false</useDomainConstraints>
<use>1</use>
<logicalDatatype>LOGDT011</logicalDatatype>
<ownDataTypeParameters>,,</ownDataTypeParameters>
<autoIncrementCycle>false</autoIncrementCycle>
</Column>
<Column name="data_requisicao" id="4363F41B-07E0-DA6E-366F-B43C4B5E929B">
<createdBy>flpoc</createdBy>
<createdTime>2020-05-07 18:40:11 UTC</createdTime>
<generatorID>75A0CA03-D319-18E6-4E5A-EBD1A9FA8100</generatorID>
<ownerDesignName>modelo_conceitual</ownerDesignName>
<useDomainConstraints>false</useDomainConstraints>
<use>1</use>
<logicalDatatype>LOGDT007</logicalDatatype>
<ownDataTypeParameters>,,</ownDataTypeParameters>
<autoIncrementCycle>false</autoIncrementCycle>
</Column>
<Column name="data_adocao" id="3CFB762A-9971-B385-D1F2-C16A46B44FD4">
<createdBy>flpoc</createdBy>
<createdTime>2020-05-07 18:40:11 UTC</createdTime>
<generatorID>B0C3CA4E-9AC1-F779-93A5-2F5C5161C2C3</generatorID>
<ownerDesignName>modelo_conceitual</ownerDesignName>
<nullsAllowed>true</nullsAllowed>
<useDomainConstraints>false</useDomainConstraints>
<use>1</use>
<logicalDatatype>LOGDT007</logicalDatatype>
<ownDataTypeParameters>,,</ownDataTypeParameters>
<autoIncrementCycle>false</autoIncrementCycle>
</Column>
<Column name="status" id="3F900756-EA8C-412E-73F7-C9E5B87C392A">
<createdBy>flpoc</createdBy>
<createdTime>2020-05-07 18:40:11 UTC</createdTime>
<generatorID>E212DD7C-3E79-5D90-BA29-22D59C38ED61</generatorID>
<ownerDesignName>modelo_conceitual</ownerDesignName>
<useDomainConstraints>false</useDomainConstraints>
<use>1</use>
<logicalDatatype>LOGDT011</logicalDatatype>
<ownDataTypeParameters>,,</ownDataTypeParameters>
<autoIncrementCycle>false</autoIncrementCycle>
</Column>
<Column name="relatorio" id="B68F577C-5BEB-CE0C-5F9E-AB66FA56FEF8">
<createdBy>flpoc</createdBy>
<createdTime>2020-05-07 18:40:11 UTC</createdTime>
<generatorID>1B7D9DE8-0A06-F3C3-03B9-69899794AF25</generatorID>
<ownerDesignName>modelo_conceitual</ownerDesignName>
<nullsAllowed>true</nullsAllowed>
<useDomainConstraints>false</useDomainConstraints>
<use>1</use>
<logicalDatatype>LOGDT040</logicalDatatype>
<ownDataTypeParameters>,,</ownDataTypeParameters>
<autoIncrementCycle>false</autoIncrementCycle>
</Column>
<Column name="pet_id" id="F05DDFC4-05D2-CE3C-0BE5-8723BD12B7CA">
<createdBy>flpoc</createdBy>
<createdTime>2020-05-07 18:40:11 UTC</createdTime>
<generatorID>E4E5C972-C2FE-56B4-0C29-6CC76D233D4E</generatorID>
<ownerDesignName>modelo_conceitual</ownerDesignName>
<useDomainConstraints>false</useDomainConstraints>
<use>1</use>
<logicalDatatype>LOGDT011</logicalDatatype>
<ownDataTypeParameters>,,</ownDataTypeParameters>
<previousColumn>false</previousColumn>
<autoIncrementCycle>false</autoIncrementCycle>
<associations>
<colAssociation fkAssociation="B211F110-0F81-5ECC-FF3D-8D8E52F3448A" referredColumn="184D34AF-A7C7-D575-0412-2E40B56F4632"/>
</associations>
</Column>
<Column name="adotante_email" id="1779DB4B-C82B-10E9-49B1-D9B9A91946C4">
<createdBy>flpoc</createdBy>
<createdTime>2020-05-07 18:40:11 UTC</createdTime>
<generatorID>CAF936CB-C312-5BDA-CFA5-B0A92E343288</generatorID>
<ownerDesignName>modelo_conceitual</ownerDesignName>
<useDomainConstraints>false</useDomainConstraints>
<use>1</use>
<logicalDatatype>LOGDT024</logicalDatatype>
<dataTypeSize>80</dataTypeSize>
<ownDataTypeParameters>80,,</ownDataTypeParameters>
<previousColumn>false</previousColumn>
<autoIncrementCycle>false</autoIncrementCycle>
<associations>
<colAssociation fkAssociation="EEEB436D-DBDD-D1B7-6FCC-F5A6E0B9A4FD" referredColumn="3332AAEF-F8F3-5C76-58E3-EBA3D1A1DAA2"/>
</associations>
</Column>
<Column name="adotante_cpf" id="DD77CADC-3A9F-4E42-FE66-B902E9E8E7BA">
<createdBy>flpoc</createdBy>
<createdTime>2020-05-07 18:40:11 UTC</createdTime>
<generatorID>B24D95E5-E294-1956-3260-B7D3AAEF4795</generatorID>
<ownerDesignName>modelo_conceitual</ownerDesignName>
<useDomainConstraints>false</useDomainConstraints>
<use>1</use>
<logicalDatatype>LOGDT027</logicalDatatype>
<ownDataTypeParameters>,,</ownDataTypeParameters>
<previousColumn>false</previousColumn>
<autoIncrementCycle>false</autoIncrementCycle>
<associations>
<colAssociation fkAssociation="EEEB436D-DBDD-D1B7-6FCC-F5A6E0B9A4FD" referredColumn="4698A84D-E17E-7767-7102-800E73D7FDDE"/>
</associations>
</Column>
<Column name="moderador_email" id="0756E6C9-DFB6-AB82-A107-D90A9164D641">
<createdBy>flpoc</createdBy>
<createdTime>2020-05-07 18:40:11 UTC</createdTime>
<generatorID>0CE4F20E-440C-24E9-847E-3FB1E2305BF9</generatorID>
<ownerDesignName>modelo_conceitual</ownerDesignName>
<nullsAllowed>true</nullsAllowed>
<useDomainConstraints>false</useDomainConstraints>
<use>1</use>
<logicalDatatype>LOGDT024</logicalDatatype>
<dataTypeSize>80</dataTypeSize>
<ownDataTypeParameters>80,,</ownDataTypeParameters>
<previousColumn>false</previousColumn>
<autoIncrementCycle>false</autoIncrementCycle>
<associations>
<colAssociation fkAssociation="AFE0A945-2AA0-A419-24DB-131A6F37F81B" referredColumn="BB3F1647-651F-9092-38ED-2D3D15B886E6"/>
</associations>
</Column>
<Column name="moderador_cpf" id="6FCFFADC-5C7A-02CA-B848-6DDBE1D288D2">
<createdBy>flpoc</createdBy>
<createdTime>2020-05-07 18:40:11 UTC</createdTime>
<generatorID>3AE962BD-214E-D21E-0C67-BD7030F561C0</generatorID>
<ownerDesignName>modelo_conceitual</ownerDesignName>
<nullsAllowed>true</nullsAllowed>
<useDomainConstraints>false</useDomainConstraints>
<use>1</use>
<logicalDatatype>LOGDT027</logicalDatatype>
<ownDataTypeParameters>,,</ownDataTypeParameters>
<previousColumn>false</previousColumn>
<autoIncrementCycle>false</autoIncrementCycle>
<associations>
<colAssociation fkAssociation="AFE0A945-2AA0-A419-24DB-131A6F37F81B" referredColumn="4C760E72-4113-F805-87B6-64F50FD5DBA5"/>
</associations>
</Column>
</columns>
<indexes itemClass="oracle.dbtools.crest.model.design.relational.Index">
<ind_PK_UK id="379493BE-62A1-924C-FEFB-0B98F7EFD498" name="adocao_PK">
<createdBy>flpoc</createdBy>
<createdTime>2020-05-07 18:40:11 UTC</createdTime>
<generatorID>23E1FBE0-790E-A638-F7E2-97E525580FAB</generatorID>
<ownerDesignName>modelo_conceitual</ownerDesignName>
<pk>true</pk>
<indexState>Primary Constraint</indexState>
<isSurrogateKey>false</isSurrogateKey>
<indexColumnUsage>
<colUsage columnID="D096DDEB-9DBE-1981-6DA8-686A0D0FB8DA"/>
</indexColumnUsage>
</ind_PK_UK>
<ind_PK_UK id="17ECB521-8451-8B5E-4962-1A67D4F63368" name="adocao_pet_FK">
<createdBy>flpoc</createdBy>
<createdTime>2020-05-07 18:40:11 UTC</createdTime>
<generatorID>508CF54E-9D4B-FE18-164E-2A9A14811CD1</generatorID>
<ownerDesignName>modelo_conceitual</ownerDesignName>
<indexState>Foreign Key</indexState>
<isSurrogateKey>false</isSurrogateKey>
<indexColumnUsage>
<colUsage columnID="F05DDFC4-05D2-CE3C-0BE5-8723BD12B7CA"/>
</indexColumnUsage>
</ind_PK_UK>
<ind_PK_UK id="57693672-B698-81D9-5333-7706E5748AB4" name="adocao_adotante_FK">
<createdBy>flpoc</createdBy>
<createdTime>2020-05-07 18:40:11 UTC</createdTime>
<generatorID>A1B33086-3EBC-419D-1D8C-3C37D9942880</generatorID>
<ownerDesignName>modelo_conceitual</ownerDesignName>
<indexState>Foreign Key</indexState>
<isSurrogateKey>false</isSurrogateKey>
<indexColumnUsage>
<colUsage columnID="1779DB4B-C82B-10E9-49B1-D9B9A91946C4"/>
<colUsage columnID="DD77CADC-3A9F-4E42-FE66-B902E9E8E7BA"/>
</indexColumnUsage>
</ind_PK_UK>
<ind_PK_UK id="18EB9432-5F9A-6382-58A4-48FC2C546AB5" name="adocao_moderador_FK">
<createdBy>flpoc</createdBy>
<createdTime>2020-05-07 18:40:11 UTC</createdTime>
<generatorID>7576C4D3-07DE-0C50-1D33-2CEC468799A8</generatorID>
<ownerDesignName>modelo_conceitual</ownerDesignName>
<indexState>Foreign Key</indexState>
<isSurrogateKey>false</isSurrogateKey>
<indexColumnUsage>
<colUsage columnID="0756E6C9-DFB6-AB82-A107-D90A9164D641"/>
<colUsage columnID="6FCFFADC-5C7A-02CA-B848-6DDBE1D288D2"/>
</indexColumnUsage>
</ind_PK_UK>
</indexes>
</Table>