<?xml version = '1.0' encoding = 'UTF-8'?>
<Table class="oracle.dbtools.crest.model.design.relational.Table" directorySegmentName="seg_0" id="8F199B89-A8E7-DBA6-EA59-EC90C3A24028" name="ajudante">
<createdBy>flpoc</createdBy>
<createdTime>2020-05-07 18:40:11 UTC</createdTime>
<generatorID>6193AD82-50CD-031C-B539-5E77AB856086</generatorID>
<ownerDesignName>modelo_conceitual</ownerDesignName>
<allowColumnReorder>false</allowColumnReorder>
<existDependencyGenerateInDDl>true</existDependencyGenerateInDDl>
<parsed>true</parsed>
<columns itemClass="oracle.dbtools.crest.model.design.relational.Column">
<Column name="id" id="1930F2CE-46E7-9501-E62D-F12F0786C45E">
<createdBy>flpoc</createdBy>
<createdTime>2020-05-07 18:40:11 UTC</createdTime>
<generatorID>CC5B8841-777A-91F8-E5D9-437842ED4841</generatorID>
<ownerDesignName>modelo_conceitual</ownerDesignName>
<useDomainConstraints>false</useDomainConstraints>
<use>1</use>
<logicalDatatype>LOGDT011</logicalDatatype>
<ownDataTypeParameters>,,</ownDataTypeParameters>
<autoIncrementCycle>false</autoIncrementCycle>
</Column>
<Column name="cpf" id="E4DEFF11-F468-F984-AC83-9C88F33634B6">
<createdBy>flpoc</createdBy>
<createdTime>2020-05-07 18:40:11 UTC</createdTime>
<generatorID>5F328EDE-E757-3F62-193A-EB05BEA02963</generatorID>
<ownerDesignName>modelo_conceitual</ownerDesignName>
<shouldEngineer>false</shouldEngineer>
<useDomainConstraints>false</useDomainConstraints>
<use>1</use>
<logicalDatatype>LOGDT027</logicalDatatype>
<ownDataTypeParameters>,,</ownDataTypeParameters>
<autoIncrementCycle>false</autoIncrementCycle>
<associations>
<colAssociation fkAssociation="CBDABE04-C5E6-0F62-F438-32D28058B34C" referredColumn="BD0C7AC2-949E-F76E-A529-38889DCC6BFD"/>
</associations>
</Column>
<Column name="email" id="54722329-CEC2-C845-D3B1-BA946A3AE42C">
<createdBy>flpoc</createdBy>
<createdTime>2020-05-07 18:40:11 UTC</createdTime>
<generatorID>68D14BCC-BB47-E98E-8A5D-45D80F43F5AD</generatorID>
<ownerDesignName>modelo_conceitual</ownerDesignName>
<shouldEngineer>false</shouldEngineer>
<useDomainConstraints>false</useDomainConstraints>
<use>1</use>
<logicalDatatype>LOGDT024</logicalDatatype>
<dataTypeSize>80</dataTypeSize>
<ownDataTypeParameters>80,,</ownDataTypeParameters>
<autoIncrementCycle>false</autoIncrementCycle>
<associations>
<colAssociation fkAssociation="CBDABE04-C5E6-0F62-F438-32D28058B34C" referredColumn="7DAB62B6-8015-79FF-EC6F-5985A1F028B6"/>
</associations>
</Column>
</columns>
<indexes itemClass="oracle.dbtools.crest.model.design.relational.Index">
<ind_PK_UK id="C19595C4-3ED1-4BAC-1743-C16972ED2DFF" name="ajudante_PK">
<createdBy>flpoc</createdBy>
<createdTime>2020-05-07 18:40:11 UTC</createdTime>
<generatorID>4DDDDB84-1F87-C7FD-7794-7839E5598C7D</generatorID>
<ownerDesignName>modelo_conceitual</ownerDesignName>
<shouldEngineer>false</shouldEngineer>
<pk>true</pk>
<indexState>Primary Constraint</indexState>
<isSurrogateKey>false</isSurrogateKey>
<indexColumnUsage>
<colUsage columnID="54722329-CEC2-C845-D3B1-BA946A3AE42C"/>
<colUsage columnID="E4DEFF11-F468-F984-AC83-9C88F33634B6"/>
</indexColumnUsage>
</ind_PK_UK>
<ind_PK_UK id="82471A38-AD8A-AE7B-8DF0-1DA06192B175" name="ajudante_PKv1">
<createdBy>flpoc</createdBy>
<createdTime>2020-05-07 18:40:11 UTC</createdTime>
<generatorID>7F0B5A66-8BE4-8183-18C7-0E3E1CEA587F</generatorID>
<ownerDesignName>modelo_conceitual</ownerDesignName>
<shouldEngineer>false</shouldEngineer>
<indexState>Unique Constraint</indexState>
<isSurrogateKey>false</isSurrogateKey>
<indexColumnUsage>
<colUsage columnID="1930F2CE-46E7-9501-E62D-F12F0786C45E"/>
</indexColumnUsage>
</ind_PK_UK>
<ind_PK_UK id="6936E2FD-1B50-8FC9-757E-D60CFEC448AF" name="ajudante_humano_FK">
<createdBy>flpoc</createdBy>
<createdTime>2020-05-07 18:40:11 UTC</createdTime>
<generatorID>F248716C-9772-5AE9-0398-6A1C8518ABA8</generatorID>
<ownerDesignName>modelo_conceitual</ownerDesignName>
<indexState>Foreign Key</indexState>
<isSurrogateKey>false</isSurrogateKey>
<indexColumnUsage>
<colUsage columnID="54722329-CEC2-C845-D3B1-BA946A3AE42C"/>
<colUsage columnID="E4DEFF11-F468-F984-AC83-9C88F33634B6"/>
</indexColumnUsage>
</ind_PK_UK>
</indexes>
</Table>