<?xml version = '1.0' encoding = 'UTF-8'?>
<RMExtendedMap class="oracle.dbtools.crest.model.xtdmapping.RMExtendedMap">
<mappings itemClass="oracle.dbtools.crest.model.xtdmapping.ContainerMapping">
<CM id="25611D71-10778DF735DB14818BC4-DE5DDA394297" iT="3" lID="25611D71-4E3F-B80C-E01C-10778DF735DB" lT="0" rID="14818BC4-B988-9570-9BEA-DE5DDA394297" rT="4">
<indexesSelections>84077BA9-7A65-F4E1-873C-63250939F895</indexesSelections>
<containedMappings itemClass="oracle.dbtools.crest.model.xtdmapping.RelMapping">
<Mg id="4DDDDB84-7839E5598C7D84077BA9-63250939F895" iT="3" lID="4DDDDB84-1F87-C7FD-7794-7839E5598C7D" lT="2" rID="84077BA9-7A65-F4E1-873C-63250939F895" rT="7">
</Mg>
</containedMappings>
</CM>
<CM id="5921E2E1-2334552AC478FCC3FAFC-3C3C3E34F91B" lID="5921E2E1-BBDB-EE66-C69F-2334552AC478" lT="0" rID="FCC3FAFC-9213-E211-3130-3C3C3E34F91B" rT="4">
<containedMappings itemClass="oracle.dbtools.crest.model.xtdmapping.RelMapping">
<Mg id="B6E8CB1E-B4114F74DD24CBA1A9ED-460F4BD457CE" lID="B6E8CB1E-A1F5-81F3-FE68-B4114F74DD24" lT="2" rID="CBA1A9ED-7B6B-7F46-EB81-460F4BD457CE" rT="7">
</Mg>
</containedMappings>
</CM>
<CM id="6193AD82-5E77AB8560868F199B89-EC90C3A24028" iT="3" lID="6193AD82-50CD-031C-B539-5E77AB856086" lT="0" rID="8F199B89-A8E7-DBA6-EA59-EC90C3A24028" rT="4">
<columnsSelection>E4DEFF11-F468-F984-AC83-9C88F33634B6,54722329-CEC2-C845-D3B1-BA946A3AE42C</columnsSelection>
<indexesSelections>C19595C4-3ED1-4BAC-1743-C16972ED2DFF,82471A38-AD8A-AE7B-8DF0-1DA06192B175</indexesSelections>
<containedMappings itemClass="oracle.dbtools.crest.model.xtdmapping.RelMapping">
<Mg id="7F0B5A66-0E3E1CEA587F82471A38-1DA06192B175" iT="3" lID="7F0B5A66-8BE4-8183-18C7-0E3E1CEA587F" lT="2" rID="82471A38-AD8A-AE7B-8DF0-1DA06192B175" rT="6">
</Mg>
</containedMappings>
</CM>
<CM id="815D601A-6022C17FF5176AF7B01F-E987C3C60DE5" lID="815D601A-A849-A1A0-76AA-6022C17FF517" lT="0" rID="6AF7B01F-A31F-6345-6002-E987C3C60DE5" rT="4">
<containedMappings itemClass="oracle.dbtools.crest.model.xtdmapping.RelMapping">
<Mg id="428407E8-71C0C9FB7995302FC08B-B4BB9C952A97" lID="428407E8-6CA2-0696-93B6-71C0C9FB7995" lT="2" rID="302FC08B-573C-0B27-E108-B4BB9C952A97" rT="7">
</Mg>
</containedMappings>
</CM>
<CM id="9D92516F-AF701B86AABBDE6E600E-9C796AB4B9A0" lID="9D92516F-36FE-3913-F9D3-AF701B86AABB" lT="0" rID="DE6E600E-7840-BBA6-42E0-9C796AB4B9A0" rT="4">
<containedMappings itemClass="oracle.dbtools.crest.model.xtdmapping.RelMapping">
<Mg id="ACA5FCB1-B78EF07D74F4049F5194-D491B5528E3F" lID="ACA5FCB1-46BF-D7C8-404B-B78EF07D74F4" lT="2" rID="049F5194-7737-5FC3-FE85-D491B5528E3F" rT="7">
</Mg>
</containedMappings>
</CM>
<CM id="9EEF3F21-8C9BC2FEE0F5015036BA-4DE7BE5F2A03" iT="3" lID="9EEF3F21-44CB-AA51-0D31-8C9BC2FEE0F5" lT="0" rID="015036BA-78E5-82B4-DFB6-4DE7BE5F2A03" rT="4">
<columnsSelection>4C760E72-4113-F805-87B6-64F50FD5DBA5,BB3F1647-651F-9092-38ED-2D3D15B886E6</columnsSelection>
<indexesSelections>B38CE440-60B1-2CF0-718B-01CA0F6F7F28,A63B5F17-951D-0B61-CEA3-FBCE52DC1FFC</indexesSelections>
<containedMappings itemClass="oracle.dbtools.crest.model.xtdmapping.RelMapping">
<Mg id="B0670FC2-2DC2FC6DE6DFA63B5F17-FBCE52DC1FFC" iT="3" lID="B0670FC2-0554-AC6A-9080-2DC2FC6DE6DF" lT="2" rID="A63B5F17-951D-0B61-CEA3-FBCE52DC1FFC" rT="6">
</Mg>
</containedMappings>
</CM>
<CM id="E3F0281E-B2C09B3AA4180E907694-0E5EACA9F668" lID="E3F0281E-27CB-5C6D-0497-B2C09B3AA418" lT="0" rID="0E907694-0431-1395-F6FB-0E5EACA9F668" rT="4">
<containedMappings itemClass="oracle.dbtools.crest.model.xtdmapping.RelMapping">
<Mg id="23E1FBE0-97E525580FAB379493BE-0B98F7EFD498" lID="23E1FBE0-790E-A638-F7E2-97E525580FAB" lT="2" rID="379493BE-62A1-924C-FEFB-0B98F7EFD498" rT="7">
</Mg>
</containedMappings>
</CM>
<CM id="FE8AC840-CC7C03DAEE2A07809C01-0391F35E5A83" iT="3" lID="FE8AC840-A8D6-F5F9-0825-CC7C03DAEE2A" lT="0" rID="07809C01-1913-11A1-0C45-0391F35E5A83" rT="4">
<columnsSelection>4698A84D-E17E-7767-7102-800E73D7FDDE,3332AAEF-F8F3-5C76-58E3-EBA3D1A1DAA2</columnsSelection>
<indexesSelections>AD3A95EF-F52D-1531-1742-DD77439F957F,AF6D327E-8EC9-4418-3381-FE1B5C214D76</indexesSelections>
<containedMappings itemClass="oracle.dbtools.crest.model.xtdmapping.RelMapping">
<Mg id="48C405BC-3E2C53759C39AF6D327E-FE1B5C214D76" iT="3" lID="48C405BC-2E38-7F0E-D123-3E2C53759C39" lT="2" rID="AF6D327E-8EC9-4418-3381-FE1B5C214D76" rT="6">
</Mg>
</containedMappings>
</CM>
<CM id="4E7AA10E-DE92021871192391B53C-8CDD53E7A7AD" iT="4" lID="4E7AA10E-37DB-E6A1-A88E-DE9202187119" lT="9" rID="2391B53C-74CB-3B1E-011B-8CDD53E7A7AD" rT="8">
</CM>
<CM id="508CF54E-2A9A14811CD1B211F110-8D8E52F3448A" lID="508CF54E-9D4B-FE18-164E-2A9A14811CD1" lT="3" rID="B211F110-0F81-5ECC-FF3D-8D8E52F3448A" rT="8" rSEnt="E3F0281E-27CB-5C6D-0497-B2C09B3AA418" rTEnt="815D601A-A849-A1A0-76AA-6022C17FF517">
</CM>
<CM id="7576C4D3-2CEC468799A8AFE0A945-131A6F37F81B" iT="3" lID="7576C4D3-07DE-0C50-1D33-2CEC468799A8" lT="3" rID="AFE0A945-2AA0-A419-24DB-131A6F37F81B" rT="8" rSEnt="9EEF3F21-44CB-AA51-0D31-8C9BC2FEE0F5" rTEnt="E3F0281E-27CB-5C6D-0497-B2C09B3AA418">
</CM>
<CM id="79D45F38-03CDA295B1A03EAAFDA7-78D8EE8AAE00" iT="4" lID="79D45F38-3129-73DD-0233-03CDA295B1A0" lT="9" rID="3EAAFDA7-3DD1-242A-6B82-78D8EE8AAE00" rT="8">
</CM>
<CM id="95C17157-F70A83C7FB4AF6A61FD8-FC8F6F01EDA4" iT="3" lID="95C17157-2325-5EDF-119A-F70A83C7FB4A" lT="3" rID="F6A61FD8-EC14-EA07-EE44-FC8F6F01EDA4" rT="8" rSEnt="9EEF3F21-44CB-AA51-0D31-8C9BC2FEE0F5" rTEnt="9D92516F-36FE-3913-F9D3-AF701B86AABB">
</CM>
<CM id="A1B33086-3C37D9942880EEEB436D-F5A6E0B9A4FD" iT="3" lID="A1B33086-3EBC-419D-1D8C-3C37D9942880" lT="3" rID="EEEB436D-DBDD-D1B7-6FCC-F5A6E0B9A4FD" rT="8" rSEnt="FE8AC840-A8D6-F5F9-0825-CC7C03DAEE2A" rTEnt="E3F0281E-27CB-5C6D-0497-B2C09B3AA418">
</CM>
<CM id="A6F50C90-BAF417C1657E366DB943-9098159AC2F1" iT="3" lID="A6F50C90-7D68-7A0C-28E3-BAF417C1657E" lT="3" rID="366DB943-D98C-D495-6894-9098159AC2F1" rT="8" rSEnt="9D92516F-36FE-3913-F9D3-AF701B86AABB" rTEnt="FE8AC840-A8D6-F5F9-0825-CC7C03DAEE2A">
</CM>
<CM id="F248716C-6A1C8518ABA8CBDABE04-32D28058B34C" iT="4" lID="F248716C-9772-5AE9-0398-6A1C8518ABA8" lT="9" rID="CBDABE04-C5E6-0F62-F438-32D28058B34C" rT="8">
</CM>
<CM id="F98821CC-6B9C217133F6B71BAF8E-C896A6056211" iT="3" lID="F98821CC-4ACB-A945-F049-6B9C217133F6" lT="3" rID="B71BAF8E-E213-21A4-0945-C896A6056211" rT="8" rSEnt="815D601A-A849-A1A0-76AA-6022C17FF517" rTEnt="6193AD82-50CD-031C-B539-5E77AB856086">
</CM>
<CM id="FB7543AE-7F9F467903E3631608F2-B86D963A22EC" lID="FB7543AE-8E9C-DC27-56C0-7F9F467903E3" lT="3" rID="631608F2-F3E4-91F6-ED90-B86D963A22EC" rT="8" rSEnt="5921E2E1-BBDB-EE66-C69F-2334552AC478" rTEnt="815D601A-A849-A1A0-76AA-6022C17FF517">
</CM>
<CM id="4DDDDB84-7839E5598C7DC19595C4-C16972ED2DFF" lID="4DDDDB84-1F87-C7FD-7794-7839E5598C7D" lT="2" rID="C19595C4-3ED1-4BAC-1743-C16972ED2DFF" rT="7">
<containedMappings itemClass="oracle.dbtools.crest.model.xtdmapping.RelMapping">
<Mg id="4DDDDB84-7839E5598C7DC19595C4-C16972ED2DFF" iT="3" logConID="25611D71-4E3F-B80C-E01C-10778DF735DB" lID="4DDDDB84-1F87-C7FD-7794-7839E5598C7D" lT="2" rID="C19595C4-3ED1-4BAC-1743-C16972ED2DFF" rT="7">
</Mg>
</containedMappings>
</CM>
<CM id="4DDDDB84-7839E5598C7DB38CE440-01CA0F6F7F28" lID="4DDDDB84-1F87-C7FD-7794-7839E5598C7D" lT="2" rID="B38CE440-60B1-2CF0-718B-01CA0F6F7F28" rT="7">
<containedMappings itemClass="oracle.dbtools.crest.model.xtdmapping.RelMapping">
<Mg id="4DDDDB84-7839E5598C7DB38CE440-01CA0F6F7F28" iT="3" logConID="25611D71-4E3F-B80C-E01C-10778DF735DB" lID="4DDDDB84-1F87-C7FD-7794-7839E5598C7D" lT="2" rID="B38CE440-60B1-2CF0-718B-01CA0F6F7F28" rT="7">
</Mg>
</containedMappings>
</CM>
<CM id="4DDDDB84-7839E5598C7DAD3A95EF-DD77439F957F" lID="4DDDDB84-1F87-C7FD-7794-7839E5598C7D" lT="2" rID="AD3A95EF-F52D-1531-1742-DD77439F957F" rT="7">
<containedMappings itemClass="oracle.dbtools.crest.model.xtdmapping.RelMapping">
<Mg id="4DDDDB84-7839E5598C7DAD3A95EF-DD77439F957F" iT="3" logConID="25611D71-4E3F-B80C-E01C-10778DF735DB" lID="4DDDDB84-1F87-C7FD-7794-7839E5598C7D" lT="2" rID="AD3A95EF-F52D-1531-1742-DD77439F957F" rT="7">
</Mg>
</containedMappings>
</CM>
</mappings>
</RMExtendedMap>