<?xml version = '1.0' encoding = 'UTF-8'?>
<FKIndexAssociation class="oracle.dbtools.crest.model.design.relational.FKIndexAssociation" directorySegmentName="seg_0" id="EC7DB85A-7B65-8A67-D536-12AFAA42AAAD" containerWithKeyObject="F484FCEA-F3FB-8DCC-2BF7-7B46D0267AFD" localFKIndex="2985A1D6-59C2-AD00-F7A0-25226DD80F88" name="Moderadores_Humanos_FK">
<createdBy>flpoc</createdBy>
<createdTime>2020-06-17 12:41:40 UTC</createdTime>
<ownerDesignName>modelorelacional</ownerDesignName>
<referredTableLongName>Humanos</referredTableLongName>
<deleteRule>NO ACTION</deleteRule>
<referredTableID>C6FD054D-BDE7-BA94-B56B-E177F136A0D0</referredTableID>
<keyObject>96F865A8-06B4-C7A1-5D29-C04D2CA32898</keyObject>
<referredKeyID>96F865A8-06B4-C7A1-5D29-C04D2CA32898</referredKeyID>
<mandatory>true</mandatory>
<refColNames>email</refColNames>
<transferable>true</transferable>
<rely>false</rely>
<columnDependencyConstraintGenerateInDDL>true</columnDependencyConstraintGenerateInDDL>
</FKIndexAssociation>