<?xml version = '1.0' encoding = 'UTF-8'?>
<Entity class="oracle.dbtools.crest.model.design.logical.Entity" directorySegmentName="seg_0" id="6193AD82-50CD-031C-B539-5E77AB856086" name="ajudante">
<createdBy>flpoc</createdBy>
<createdTime>2020-05-07 18:39:24 UTC</createdTime>
<ownerDesignName>modelo_conceitual</ownerDesignName>
<engineerTo>
<item key="94EC987B-C421-CEB1-6AA6-5C4D9121D20B" value="true"/>
</engineerTo>
<adequatelyNormalized>NO</adequatelyNormalized>
<expectedVolumes>0</expectedVolumes>
<fwdEngineeringStrategyName>Single Table</fwdEngineeringStrategyName>
<growthPercent>0</growthPercent>
<growthType>Year</growthType>
<hierarchicalParent>25611D71-4E3F-B80C-E01C-10778DF735DB</hierarchicalParent>
<maxVolumes>9999999</maxVolumes>
<minVolumes>0</minVolumes>
<normalForm>Third</normalForm>
<identifiers itemClass="oracle.dbtools.crest.model.design.logical.CandidateKey">
<identifier id="7F0B5A66-8BE4-8183-18C7-0E3E1CEA587F" name="ajudante PK">
<createdBy>flpoc</createdBy>
<createdTime>2020-05-07 18:39:24 UTC</createdTime>
<ownerDesignName>modelo_conceitual</ownerDesignName>
<engineerTo>
<item key="94EC987B-C421-CEB1-6AA6-5C4D9121D20B" value="true"/>
</engineerTo>
<pk>true</pk>
</identifier>
</identifiers>
</Entity>