<?xml version = '1.0' encoding = 'UTF-8'?>
<Entity class="oracle.dbtools.crest.model.design.logical.Entity" directorySegmentName="seg_0" id="815D601A-A849-A1A0-76AA-6022C17FF517" name="pet">
<createdBy>flpoc</createdBy>
<createdTime>2020-05-07 18:39:24 UTC</createdTime>
<ownerDesignName>modelo_conceitual</ownerDesignName>
<engineerTo>
<item key="94EC987B-C421-CEB1-6AA6-5C4D9121D20B" value="true"/>
</engineerTo>
<adequatelyNormalized>NO</adequatelyNormalized>
<expectedVolumes>0</expectedVolumes>
<fwdEngineeringStrategyName>Single Table</fwdEngineeringStrategyName>
<growthPercent>0</growthPercent>
<growthType>Year</growthType>
<maxVolumes>9999999</maxVolumes>
<minVolumes>0</minVolumes>
<normalForm>Third</normalForm>
<identifiers itemClass="oracle.dbtools.crest.model.design.logical.CandidateKey">
<identifier id="428407E8-6CA2-0696-93B6-71C0C9FB7995" name="pet PK">
<createdBy>flpoc</createdBy>
<createdTime>2020-05-07 18:39:24 UTC</createdTime>
<ownerDesignName>modelo_conceitual</ownerDesignName>
<shouldEngineer>false</shouldEngineer>
<engineerTo>
<item key="94EC987B-C421-CEB1-6AA6-5C4D9121D20B" value="false"/>
</engineerTo>
<pk>true</pk>
</identifier>
</identifiers>
</Entity>