<?xml version = '1.0' encoding = 'UTF-8'?>
<Entity class="oracle.dbtools.crest.model.design.logical.Entity" directorySegmentName="seg_0" id="FE8AC840-A8D6-F5F9-0825-CC7C03DAEE2A" name="adotante">
<createdBy>flpoc</createdBy>
<createdTime>2020-05-07 18:39:24 UTC</createdTime>
<ownerDesignName>modelo_conceitual</ownerDesignName>
<engineerTo>
<item key="94EC987B-C421-CEB1-6AA6-5C4D9121D20B" value="true"/>
</engineerTo>
<adequatelyNormalized>NO</adequatelyNormalized>
<expectedVolumes>0</expectedVolumes>
<fwdEngineeringStrategyName>Single Table</fwdEngineeringStrategyName>
<growthPercent>0</growthPercent>
<growthType>Year</growthType>
<hierarchicalParent>25611D71-4E3F-B80C-E01C-10778DF735DB</hierarchicalParent>
<maxVolumes>9999999</maxVolumes>
<minVolumes>0</minVolumes>
<normalForm>Third</normalForm>
<identifiers itemClass="oracle.dbtools.crest.model.design.logical.CandidateKey">
<identifier id="48C405BC-2E38-7F0E-D123-3E2C53759C39" name="adotante PK">
<createdBy>flpoc</createdBy>
<createdTime>2020-05-07 18:39:24 UTC</createdTime>
<ownerDesignName>modelo_conceitual</ownerDesignName>
<engineerTo>
<item key="94EC987B-C421-CEB1-6AA6-5C4D9121D20B" value="true"/>
</engineerTo>
<pk>true</pk>
</identifier>
</identifiers>
</Entity>