<?xml version = '1.0' encoding = 'UTF-8'?>
<Diagram class="oracle.dbtools.crest.swingui.logical.DPVLogical" name="Logical" id="86EA5510-2D84-9D6F-4730-932A2F56CBE5">
<createdBy>flpoc</createdBy>
<modifiedBy>flpoc</modifiedBy>
<createdTime>2020-06-17 10:55:39 UTC</createdTime>
<autoRoute>false</autoRoute>
<boxInbox>true</boxInbox>
<showLegend>false</showLegend>
<showLabels>false</showLabels>
<showRelAttributes>false</showRelAttributes>
<gridEnabled>false</gridEnabled>
<showGrid>false</showGrid>
<diagramColor>-1</diagramColor>
<display>false</display>
<notation>1</notation>
<objectViews>
<OView class="oracle.dbtools.crest.swingui.logical.TVEntity" oid="21C99CCF-9E2D-590E-3043-93C8B4EA8E53" otype="Entity" vid="2798C813-DF86-4A6F-F8E2-EAC7719C0DB7">
<hideElementsInCurrentOnly>false</hideElementsInCurrentOnly>
<bounds x="394" y="240" width="92" height="111"/>
</OView>
<OView class="oracle.dbtools.crest.swingui.logical.TVEntity" oid="33FC5F08-4584-E129-F68F-2C6F0C99C475" otype="Entity" vid="0097F7FF-140E-8764-57A8-CC116471734B">
<hideElementsInCurrentOnly>false</hideElementsInCurrentOnly>
<bounds x="211" y="387" width="101" height="50"/>
</OView>
<OView class="oracle.dbtools.crest.swingui.logical.TVEntity" oid="75DCDE54-364D-8FCE-209A-4F02EB728B8F" otype="Entity" vid="D219261A-0E94-42EF-7602-1D9D3548A02A">
<hideElementsInCurrentOnly>false</hideElementsInCurrentOnly>
<bounds x="212" y="236" width="100" height="52"/>
</OView>
<OView class="oracle.dbtools.crest.swingui.logical.TVEntity" oid="91210924-5424-3C41-E90D-7510F62F6A05" otype="Entity" vid="5D91FC92-6CE4-B232-1B5E-B31A13CBAE5C">
<hideElementsInCurrentOnly>false</hideElementsInCurrentOnly>
<bounds x="2" y="236" width="122" height="111"/>
</OView>
<OView class="oracle.dbtools.crest.swingui.logical.TVEntity" oid="99CE3FD0-DD5F-983F-5DC6-95DDC73FDF21" otype="Entity" vid="95496AB2-7BF4-3EC6-A248-CA612D5DD91B">
<hideElementsInCurrentOnly>false</hideElementsInCurrentOnly>
<bounds x="5" y="391" width="120" height="145"/>
</OView>
<OView class="oracle.dbtools.crest.swingui.logical.TVEntity" oid="D305BAAF-08AF-E7C0-142F-5994493CE6C3" otype="Entity" vid="31E8C14A-5BEF-D8C4-0E1F-6D15BC39C23C">
<hideElementsInCurrentOnly>false</hideElementsInCurrentOnly>
<bounds x="212" y="302" width="100" height="51"/>
</OView>
<OView class="oracle.dbtools.crest.swingui.logical.TVEntity" oid="F0DB73C0-CFD2-04BB-1900-0A0DE6FAA855" otype="Entity" vid="C52A4972-ADDE-ACE7-C8F4-987DF912BD65">
<hideElementsInCurrentOnly>false</hideElementsInCurrentOnly>
<bounds x="184" y="1" width="162" height="451"/>
</OView>
<OView class="oracle.dbtools.crest.swingui.logical.TVEntity" oid="F8ABFAE6-4A6B-3F48-1ABE-A96D25FBFC8C" otype="Entity" vid="A1A6BFAB-4321-0B8B-F4F6-B97EEDAF1F03">
<hideElementsInCurrentOnly>false</hideElementsInCurrentOnly>
<bounds x="222" y="471" width="78" height="62"/>
</OView>
</objectViews>
<connectors>
<Connector class="oracle.dbtools.crest.swingui.logical.TVRelation" oid="088297CD-6152-447C-5232-9CD6C01439B8" otype="Relation" vid_source="95496AB2-7BF4-3EC6-A248-CA612D5DD91B" vid_target="0097F7FF-140E-8764-57A8-CC116471734B">
<hideElementsInCurrentOnly>false</hideElementsInCurrentOnly>
<backgroundColor>-16777216</backgroundColor>
<lineWidth>1</lineWidth>
<points>
<point x="125" y="414"/>
<point x="211" y="414"/>
</points>
</Connector>
<Connector class="oracle.dbtools.crest.swingui.logical.TVRelation" oid="0BB09216-3963-B58C-A90B-8BB64C222A57" otype="Relation" vid_source="D219261A-0E94-42EF-7602-1D9D3548A02A" vid_target="5D91FC92-6CE4-B232-1B5E-B31A13CBAE5C">
<hideElementsInCurrentOnly>false</hideElementsInCurrentOnly>
<backgroundColor>-16777216</backgroundColor>
<lineWidth>1</lineWidth>
<points>
<point x="212" y="262"/>
<point x="124" y="262"/>
</points>
</Connector>
<Connector class="oracle.dbtools.crest.swingui.logical.TVRelation" oid="10DB9740-A993-54AF-4DB8-AFBD6FEB458F" otype="Relation" vid_source="31E8C14A-5BEF-D8C4-0E1F-6D15BC39C23C" vid_target="5D91FC92-6CE4-B232-1B5E-B31A13CBAE5C">
<hideElementsInCurrentOnly>false</hideElementsInCurrentOnly>
<backgroundColor>-16777216</backgroundColor>
<lineWidth>1</lineWidth>
<points>
<point x="212" y="324"/>
<point x="124" y="324"/>
</points>
</Connector>
<Connector class="oracle.dbtools.crest.swingui.logical.TVInheritanceRelation" oid="5CF14F07-AD18-0B81-339F-50CDA6CF6B12" otype="Hierarchy relation" vid_source="C52A4972-ADDE-ACE7-C8F4-987DF912BD65" vid_target="0097F7FF-140E-8764-57A8-CC116471734B">
<hideElementsInCurrentOnly>false</hideElementsInCurrentOnly>
<backgroundColor>-65536</backgroundColor>
<lineWidth>1</lineWidth>
</Connector>
<Connector class="oracle.dbtools.crest.swingui.logical.TVInheritanceRelation" oid="70CA3C08-CD42-94B9-17B7-5F3ED6CFA1C3" otype="Hierarchy relation" vid_source="C52A4972-ADDE-ACE7-C8F4-987DF912BD65" vid_target="D219261A-0E94-42EF-7602-1D9D3548A02A">
<hideElementsInCurrentOnly>false</hideElementsInCurrentOnly>
<backgroundColor>-65536</backgroundColor>
<lineWidth>1</lineWidth>
</Connector>
<Connector class="oracle.dbtools.crest.swingui.logical.TVRelation" oid="821A396D-8F8E-C7DB-7350-A57DD60ED054" otype="Relation" vid_source="5D91FC92-6CE4-B232-1B5E-B31A13CBAE5C" vid_target="95496AB2-7BF4-3EC6-A248-CA612D5DD91B">
<hideElementsInCurrentOnly>false</hideElementsInCurrentOnly>
<backgroundColor>-16777216</backgroundColor>
<lineWidth>1</lineWidth>
<points>
<point x="64" y="347"/>
<point x="64" y="391"/>
</points>
</Connector>
<Connector class="oracle.dbtools.crest.swingui.logical.TVRelation" oid="9A08A351-DD13-A2CB-34AD-05E99BC79F72" otype="Relation" vid_source="31E8C14A-5BEF-D8C4-0E1F-6D15BC39C23C" vid_target="2798C813-DF86-4A6F-F8E2-EAC7719C0DB7">
<hideElementsInCurrentOnly>false</hideElementsInCurrentOnly>
<backgroundColor>-16777216</backgroundColor>
<lineWidth>1</lineWidth>
<points>
<point x="312" y="326"/>
<point x="394" y="326"/>
</points>
</Connector>
<Connector class="oracle.dbtools.crest.swingui.logical.TVInheritanceRelation" oid="9B791D47-8109-D9DE-5F73-605C0811A423" otype="Hierarchy relation" vid_source="C52A4972-ADDE-ACE7-C8F4-987DF912BD65" vid_target="31E8C14A-5BEF-D8C4-0E1F-6D15BC39C23C">
<hideElementsInCurrentOnly>false</hideElementsInCurrentOnly>
<backgroundColor>-65536</backgroundColor>
<lineWidth>1</lineWidth>
</Connector>
<Connector class="oracle.dbtools.crest.swingui.logical.TVRelation" oid="AF7F04FE-37A5-297D-7773-DE2012C59956" otype="Relation" vid_source="2798C813-DF86-4A6F-F8E2-EAC7719C0DB7" vid_target="D219261A-0E94-42EF-7602-1D9D3548A02A">
<hideElementsInCurrentOnly>false</hideElementsInCurrentOnly>
<backgroundColor>-16777216</backgroundColor>
<lineWidth>1</lineWidth>
<points>
<point x="394" y="264"/>
<point x="312" y="264"/>
</points>
</Connector>
<Connector class="oracle.dbtools.crest.swingui.logical.TVRelation" oid="CAF23360-351E-CD4C-1073-6BD4309B1C4B" otype="Relation" vid_source="A1A6BFAB-4321-0B8B-F4F6-B97EEDAF1F03" vid_target="95496AB2-7BF4-3EC6-A248-CA612D5DD91B">
<hideElementsInCurrentOnly>false</hideElementsInCurrentOnly>
<backgroundColor>-16777216</backgroundColor>
<lineWidth>1</lineWidth>
<points>
<point x="222" y="502"/>
<point x="125" y="502"/>
</points>
</Connector>
</connectors>
</Diagram>