<?xml version = '1.0' encoding = 'UTF-8'?>
<Relation class="oracle.dbtools.crest.model.design.logical.Relation" name="Relation_15" directorySegmentName="seg_0" id="0054297D-DD95-C2D7-2AD2-058F06EFAB39">
<createdBy>flpoc</createdBy>
<createdTime>2020-06-17 11:42:59 UTC</createdTime>
<ownerDesignName>modelorelacional</ownerDesignName>
<engineerTo>
<item key="1EDF4940-A077-89FF-03AA-76DAF6999668" value="true"/>
</engineerTo>
<sourcePk>26F4B601-BF96-E2B9-ED4A-F7CD713616E7</sourcePk>
<identifying>false</identifying>
<optionalSource>true</optionalSource>
<optionalTarget>true</optionalTarget>
<sourceCardinality>1</sourceCardinality>
<sourceEntity>D305BAAF-08AF-E7C0-142F-5994493CE6C3</sourceEntity>
<targetCardinalityString>*</targetCardinalityString>
<targetEntity>91210924-5424-3C41-E90D-7510F62F6A05</targetEntity>
<transferable>true</transferable>
<deleteRule>NO ACTION</deleteRule>
</Relation>