<?xml version = '1.0' encoding = 'UTF-8'?>
<Relation class="oracle.dbtools.crest.model.design.logical.Relation" name="pet ajudante FK" directorySegmentName="seg_0" id="088297CD-6152-447C-5232-9CD6C01439B8">
<createdBy>flpoc</createdBy>
<createdTime>2020-06-17 10:55:39 UTC</createdTime>
<ownerDesignName>modelorelacional</ownerDesignName>
<engineerTo>
<item key="1EDF4940-A077-89FF-03AA-76DAF6999668" value="true"/>
</engineerTo>
<targetPk>6B0176D9-1605-F27A-632C-1AEFE2C331B9</targetPk>
<identifying>false</identifying>
<optionalSource>false</optionalSource>
<optionalTarget>true</optionalTarget>
<sourceCardinality>1</sourceCardinality>
<sourceEntity>99CE3FD0-DD5F-983F-5DC6-95DDC73FDF21</sourceEntity>
<targetCardinalityString>1</targetCardinalityString>
<targetEntity>33FC5F08-4584-E129-F68F-2C6F0C99C475</targetEntity>
<transferable>true</transferable>
<deleteRule>NO ACTION</deleteRule>
</Relation>