<?xml version = '1.0' encoding = 'UTF-8'?>
<Relation class="oracle.dbtools.crest.model.design.logical.Relation" name="adocao adotante FK" directorySegmentName="seg_0" id="0BB09216-3963-B58C-A90B-8BB64C222A57">
<createdBy>flpoc</createdBy>
<createdTime>2020-06-17 10:55:39 UTC</createdTime>
<ownerDesignName>modelorelacional</ownerDesignName>
<engineerTo>
<item key="1EDF4940-A077-89FF-03AA-76DAF6999668" value="true"/>
</engineerTo>
<sourcePk>BA176C24-E128-762D-F951-CC8BBECB6AEC</sourcePk>
<identifying>false</identifying>
<optionalSource>true</optionalSource>
<optionalTarget>false</optionalTarget>
<sourceCardinality>1</sourceCardinality>
<sourceEntity>75DCDE54-364D-8FCE-209A-4F02EB728B8F</sourceEntity>
<targetCardinalityString>*</targetCardinalityString>
<targetEntity>91210924-5424-3C41-E90D-7510F62F6A05</targetEntity>
<transferable>true</transferable>
<deleteRule>NO ACTION</deleteRule>
</Relation>