<?xml version = '1.0' encoding = 'UTF-8'?>
<Relation class="oracle.dbtools.crest.model.design.logical.Relation" name="adocao moderador FK" directorySegmentName="seg_0" id="10DB9740-A993-54AF-4DB8-AFBD6FEB458F">
<createdBy>flpoc</createdBy>
<createdTime>2020-06-17 10:55:39 UTC</createdTime>
<ownerDesignName>modelorelacional</ownerDesignName>
<engineerTo>
<item key="1EDF4940-A077-89FF-03AA-76DAF6999668" value="true"/>
</engineerTo>
<sourcePk>BA176C24-E128-762D-F951-CC8BBECB6AEC</sourcePk>
<identifying>false</identifying>
<optionalSource>true</optionalSource>
<optionalTarget>true</optionalTarget>
<sourceCardinality>1</sourceCardinality>
<sourceEntity>D305BAAF-08AF-E7C0-142F-5994493CE6C3</sourceEntity>
<targetCardinalityString>*</targetCardinalityString>
<targetEntity>91210924-5424-3C41-E90D-7510F62F6A05</targetEntity>
<transferable>true</transferable>
<deleteRule>NO ACTION</deleteRule>
</Relation>