<?xml version = '1.0' encoding = 'UTF-8'?>
<Relation class="oracle.dbtools.crest.model.design.logical.Relation" name="Relation_16" directorySegmentName="seg_0" id="114B4DC6-FD5E-034A-B6CA-2AAD2D903AE5">
<createdBy>flpoc</createdBy>
<createdTime>2020-06-17 11:51:14 UTC</createdTime>
<ownerDesignName>modelorelacional</ownerDesignName>
<engineerTo>
<item key="1EDF4940-A077-89FF-03AA-76DAF6999668" value="true"/>
</engineerTo>
<sourcePk>197390BD-9EAF-63AF-29F3-BF47164A44E4</sourcePk>
<identifying>false</identifying>
<optionalSource>true</optionalSource>
<optionalTarget>false</optionalTarget>
<sourceCardinality>1</sourceCardinality>
<sourceEntity>99CE3FD0-DD5F-983F-5DC6-95DDC73FDF21</sourceEntity>
<targetCardinalityString>1</targetCardinalityString>
<targetEntity>91210924-5424-3C41-E90D-7510F62F6A05</targetEntity>
<transferable>true</transferable>
<deleteRule>NO ACTION</deleteRule>
</Relation>