<?xml version = '1.0' encoding = 'UTF-8'?>
<Relation class="oracle.dbtools.crest.model.design.logical.Relation" name="adocao pet FK" directorySegmentName="seg_0" id="821A396D-8F8E-C7DB-7350-A57DD60ED054">
<createdBy>flpoc</createdBy>
<createdTime>2020-06-17 10:55:39 UTC</createdTime>
<ownerDesignName>modelorelacional</ownerDesignName>
<engineerTo>
<item key="1EDF4940-A077-89FF-03AA-76DAF6999668" value="true"/>
</engineerTo>
<targetPk>197390BD-9EAF-63AF-29F3-BF47164A44E4</targetPk>
<identifying>false</identifying>
<optionalSource>false</optionalSource>
<optionalTarget>true</optionalTarget>
<sourceCardinality>1</sourceCardinality>
<sourceEntity>91210924-5424-3C41-E90D-7510F62F6A05</sourceEntity>
<targetCardinalityString>1</targetCardinalityString>
<targetEntity>99CE3FD0-DD5F-983F-5DC6-95DDC73FDF21</targetEntity>
<transferable>true</transferable>
<deleteRule>NO ACTION</deleteRule>
</Relation>