<?xml version = '1.0' encoding = 'UTF-8'?>
<Relation class="oracle.dbtools.crest.model.design.logical.Relation" name="Relation_13" directorySegmentName="seg_0" id="9BB0FFE7-503F-0A0D-01B4-B31827728EFF">
<createdBy>flpoc</createdBy>
<createdTime>2020-06-17 11:42:01 UTC</createdTime>
<ownerDesignName>modelorelacional</ownerDesignName>
<engineerTo>
<item key="1EDF4940-A077-89FF-03AA-76DAF6999668" value="true"/>
</engineerTo>
<sourcePk>FAE82EBD-7C0A-208F-D948-314A2A0587BD</sourcePk>
<identifying>false</identifying>
<optionalSource>true</optionalSource>
<optionalTarget>false</optionalTarget>
<sourceCardinality>1</sourceCardinality>
<sourceEntity>75DCDE54-364D-8FCE-209A-4F02EB728B8F</sourceEntity>
<targetCardinalityString>*</targetCardinalityString>
<targetEntity>91210924-5424-3C41-E90D-7510F62F6A05</targetEntity>
<transferable>true</transferable>
<deleteRule>NO ACTION</deleteRule>
</Relation>