<?xml version = '1.0' encoding = 'UTF-8'?>
<Relation class="oracle.dbtools.crest.model.design.logical.Relation" name="contato adotante FK" directorySegmentName="seg_0" id="AF7F04FE-37A5-297D-7773-DE2012C59956">
<createdBy>flpoc</createdBy>
<createdTime>2020-06-17 10:55:39 UTC</createdTime>
<ownerDesignName>modelorelacional</ownerDesignName>
<engineerTo>
<item key="1EDF4940-A077-89FF-03AA-76DAF6999668" value="true"/>
</engineerTo>
<targetPk>FAE82EBD-7C0A-208F-D948-314A2A0587BD</targetPk>
<identifying>false</identifying>
<optionalSource>false</optionalSource>
<optionalTarget>true</optionalTarget>
<sourceCardinality>1</sourceCardinality>
<sourceEntity>21C99CCF-9E2D-590E-3043-93C8B4EA8E53</sourceEntity>
<targetCardinalityString>1</targetCardinalityString>
<targetEntity>75DCDE54-364D-8FCE-209A-4F02EB728B8F</targetEntity>
<transferable>true</transferable>
<deleteRule>NO ACTION</deleteRule>
</Relation>