<?xml version = '1.0' encoding = 'UTF-8'?>
<Relation class="oracle.dbtools.crest.model.design.logical.Relation" name="foto pet pet FK" directorySegmentName="seg_0" id="CAF23360-351E-CD4C-1073-6BD4309B1C4B">
<createdBy>flpoc</createdBy>
<createdTime>2020-06-17 10:55:39 UTC</createdTime>
<ownerDesignName>modelorelacional</ownerDesignName>
<engineerTo>
<item key="1EDF4940-A077-89FF-03AA-76DAF6999668" value="true"/>
</engineerTo>
<sourcePk>9B34524C-AE74-6AD9-6038-ABA8C3C56BA6</sourcePk>
<targetPk>197390BD-9EAF-63AF-29F3-BF47164A44E4</targetPk>
<identifying>false</identifying>
<optionalSource>false</optionalSource>
<optionalTarget>true</optionalTarget>
<sourceCardinality>1</sourceCardinality>
<sourceEntity>F8ABFAE6-4A6B-3F48-1ABE-A96D25FBFC8C</sourceEntity>
<targetCardinalityString>1</targetCardinalityString>
<targetEntity>99CE3FD0-DD5F-983F-5DC6-95DDC73FDF21</targetEntity>
<transferable>true</transferable>
<deleteRule>NO ACTION</deleteRule>
</Relation>