<?xml version = '1.0' encoding = 'UTF-8'?>
<Table class="oracle.dbtools.crest.model.design.relational.Table" directorySegmentName="seg_0" id="86B547F2-A214-B08D-5406-D070A41704C0" name="Ajudantes">
<createdBy>flpoc</createdBy>
<createdTime>2020-06-17 12:35:47 UTC</createdTime>
<ownerDesignName>modelorelacional</ownerDesignName>
<ordsAlias>table_12</ordsAlias>
<allowColumnReorder>false</allowColumnReorder>
<existDependencyGenerateInDDl>true</existDependencyGenerateInDDl>
<parsed>true</parsed>
<columns itemClass="oracle.dbtools.crest.model.design.relational.Column">
<Column name="email_ajudante" id="AF0AF622-5AD2-7153-EF85-BC6213A24E11">
<createdBy>flpoc</createdBy>
<createdTime>2020-06-17 12:36:00 UTC</createdTime>
<ownerDesignName>modelorelacional</ownerDesignName>
<useDomainConstraints>false</useDomainConstraints>
<use>1</use>
<logicalDatatype>LOGDT024</logicalDatatype>
<dataTypeSize>80</dataTypeSize>
<ownDataTypeParameters>80,,</ownDataTypeParameters>
<previousColumn>false</previousColumn>
<autoIncrementCycle>false</autoIncrementCycle>
<associations>
<colAssociation fkAssociation="53C4D81C-5A39-867D-CCDA-B9336439FDBD" referredColumn="744EB7E0-20C2-9EE5-376B-C65025614F38"/>
</associations>
</Column>
</columns>
<indexes itemClass="oracle.dbtools.crest.model.design.relational.Index">
<ind_PK_UK id="49503778-9921-8F59-FBC9-39F5A722AE41" name="Ajudantes_PK">
<createdBy>flpoc</createdBy>
<createdTime>2020-06-17 12:36:27 UTC</createdTime>
<ownerDesignName>modelorelacional</ownerDesignName>
<pk>true</pk>
<indexState>Primary Constraint</indexState>
<isSurrogateKey>false</isSurrogateKey>
<indexColumnUsage>
<colUsage columnID="AF0AF622-5AD2-7153-EF85-BC6213A24E11"/>
</indexColumnUsage>
</ind_PK_UK>
<ind_PK_UK id="B2143D40-3C45-5EDA-5CFF-B5C7D49436E0" name="Ajudantes_Humanos_FK">
<createdBy>flpoc</createdBy>
<createdTime>2020-06-17 12:36:00 UTC</createdTime>
<ownerDesignName>modelorelacional</ownerDesignName>
<indexState>Foreign Key</indexState>
<isSurrogateKey>false</isSurrogateKey>
<indexColumnUsage>
<colUsage columnID="AF0AF622-5AD2-7153-EF85-BC6213A24E11"/>
</indexColumnUsage>
</ind_PK_UK>
</indexes>
</Table>