<?xml version = '1.0' encoding = 'UTF-8'?>
<Table class="oracle.dbtools.crest.model.design.relational.Table" directorySegmentName="seg_0" id="8A228420-C455-A39A-BEB3-693566D0FEC8" name="Adotantes">
<createdBy>flpoc</createdBy>
<createdTime>2020-06-17 12:32:59 UTC</createdTime>
<ownerDesignName>modelorelacional</ownerDesignName>
<ordsAlias>table_11</ordsAlias>
<allowColumnReorder>false</allowColumnReorder>
<existDependencyGenerateInDDl>true</existDependencyGenerateInDDl>
<parsed>true</parsed>
<columns itemClass="oracle.dbtools.crest.model.design.relational.Column">
<Column name="email_adotante" id="F309C5EB-46E2-F260-C903-C4DE7BA45AB1">
<createdBy>flpoc</createdBy>
<createdTime>2020-06-17 12:33:34 UTC</createdTime>
<ownerDesignName>modelorelacional</ownerDesignName>
<useDomainConstraints>false</useDomainConstraints>
<use>1</use>
<logicalDatatype>LOGDT024</logicalDatatype>
<dataTypeSize>80</dataTypeSize>
<ownDataTypeParameters>80,,</ownDataTypeParameters>
<previousColumn>false</previousColumn>
<autoIncrementCycle>false</autoIncrementCycle>
<associations>
<colAssociation fkAssociation="11E7995A-754D-2843-7874-EB4B00CB372C" referredColumn="744EB7E0-20C2-9EE5-376B-C65025614F38"/>
</associations>
</Column>
</columns>
<indexes itemClass="oracle.dbtools.crest.model.design.relational.Index">
<ind_PK_UK id="AC044920-F000-976B-33FF-7519C0EFED5B" name="Adotantes_PK">
<createdBy>flpoc</createdBy>
<createdTime>2020-06-17 12:34:51 UTC</createdTime>
<ownerDesignName>modelorelacional</ownerDesignName>
<pk>true</pk>
<indexState>Primary Constraint</indexState>
<isSurrogateKey>false</isSurrogateKey>
<indexColumnUsage>
<colUsage columnID="F309C5EB-46E2-F260-C903-C4DE7BA45AB1"/>
</indexColumnUsage>
</ind_PK_UK>
<ind_PK_UK id="60479BF6-DDF1-9744-0F33-310E34458D76" name="Adotantes_Humanos_FK">
<createdBy>flpoc</createdBy>
<createdTime>2020-06-17 12:33:34 UTC</createdTime>
<ownerDesignName>modelorelacional</ownerDesignName>
<indexState>Foreign Key</indexState>
<isSurrogateKey>false</isSurrogateKey>
<indexColumnUsage>
<colUsage columnID="F309C5EB-46E2-F260-C903-C4DE7BA45AB1"/>
</indexColumnUsage>
</ind_PK_UK>
</indexes>
</Table>