<?xml version = '1.0' encoding = 'UTF-8'?>
<relationalModel class="oracle.dbtools.crest.model.design.relational.RelationalDesign" name="Relational_1" id="1EDF4940-A077-89FF-03AA-76DAF6999668" mainViewID="3B4D8AAE-7251-22B0-74B6-A0285D6C90EC">
<createdBy>flpoc</createdBy>
<createdTime>2020-06-17 10:55:35 UTC</createdTime>
<ownerDesignName>modelorelacional</ownerDesignName>
<shouldBeOpen>false</shouldBeOpen>
<selectedRDBMSSite>32076570-2523-435C-2E92-BF29817DFF70</selectedRDBMSSite>
</relationalModel>